Protein,Start,End,Sequence,Modification,Fragment,MaxUptake,MHP,State,Exposure,Center,Center SD,Uptake,Uptake SD,RT,RT SD
SHIP1-c140,19,23,IFIGT,,,4.000000,550.323500,c140,0.000000,550.601360,0.001953,0.000000,0.000000,6.483205,0.003057
SHIP1-c140,19,23,IFIGT,,,4.000000,550.323500,c140,1.000000,550.684244,0.003328,0.082883,0.003859,6.501503,0.010115
SHIP1-c140,19,23,IFIGT,,,4.000000,550.323500,c140,10.000000,550.669070,0.001742,0.067710,0.002617,6.511564,0.001332
SHIP1-c140,19,23,IFIGT,,,4.000000,550.323500,c140,30.000002,550.678787,0.006893,0.077427,0.007165,6.503391,0.000681
SHIP1-c140,19,23,IFIGT,,,4.000000,550.323500,c232,0.000000,550.603098,0.014135,0.000000,0.000000,6.478351,0.004498
SHIP1-c140,19,23,IFIGT,,,4.000000,550.323500,c232,1.000000,550.633586,0.003070,0.030487,0.014465,6.503589,0.008880
SHIP1-c140,19,23,IFIGT,,,4.000000,550.323500,c232,10.000000,550.659895,0.000544,0.056797,0.014146,6.500544,0.005467
SHIP1-c140,19,23,IFIGT,,,4.000000,550.323500,c232,30.000002,550.658363,0.014120,0.055264,0.019980,6.500996,0.006177
SHIP1-c140,21,38,IGTWNMGNAPPPKKITSW,,,14.000000,1998.026600,c140,0.000000,1999.177625,0.126581,0.000000,0.000000,6.735585,0.015898
SHIP1-c140,21,38,IGTWNMGNAPPPKKITSW,,,14.000000,1998.026600,c140,1.000000,2002.481663,0.147477,3.304037,0.194351,6.752429,0.007467
SHIP1-c140,21,38,IGTWNMGNAPPPKKITSW,,,14.000000,1998.026600,c140,10.000000,2002.361676,0.550357,3.184051,0.564726,6.757059,0.006930
SHIP1-c140,21,38,IGTWNMGNAPPPKKITSW,,,14.000000,1998.026600,c140,30.000002,2002.974667,0.210795,3.797042,0.245881,6.753531,0.003425
SHIP1-c140,21,38,IGTWNMGNAPPPKKITSW,,,14.000000,1998.026600,c232,0.000000,1999.244751,0.331393,0.000000,0.000000,6.725117,0.008961
SHIP1-c140,21,38,IGTWNMGNAPPPKKITSW,,,14.000000,1998.026600,c232,1.000000,2002.387906,0.313199,3.143155,0.455977,6.740916,0.008609
SHIP1-c140,21,38,IGTWNMGNAPPPKKITSW,,,14.000000,1998.026600,c232,10.000000,2002.574690,0.585791,3.329939,0.673032,6.745058,0.005185
SHIP1-c140,21,38,IGTWNMGNAPPPKKITSW,,,14.000000,1998.026600,c232,30.000002,2002.848210,0.818026,3.603459,0.882603,6.737192,0.008247
SHIP1-c140,40,60,LSKGQGKTRDDSADYIPHDIY,,,19.000000,2379.157500,c140,0.000000,2380.512836,0.032954,0.000000,0.000000,5.789103,0.015719
SHIP1-c140,40,60,LSKGQGKTRDDSADYIPHDIY,,,19.000000,2379.157500,c140,1.000000,2385.120792,0.139022,4.607956,0.142874,5.801155,0.016191
SHIP1-c140,40,60,LSKGQGKTRDDSADYIPHDIY,,,19.000000,2379.157500,c140,10.000000,2385.150510,0.173698,4.637675,0.176797,5.814522,0.005446
SHIP1-c140,40,60,LSKGQGKTRDDSADYIPHDIY,,,19.000000,2379.157500,c140,30.000002,2384.999374,0.193820,4.486538,0.196601,5.794796,0.002606
SHIP1-c140,40,60,LSKGQGKTRDDSADYIPHDIY,,,19.000000,2379.157500,c232,0.000000,2380.504621,0.022321,0.000000,0.000000,5.775356,0.007405
SHIP1-c140,40,60,LSKGQGKTRDDSADYIPHDIY,,,19.000000,2379.157500,c232,1.000000,2385.109459,0.186650,4.604837,0.187980,5.797423,0.009841
SHIP1-c140,40,60,LSKGQGKTRDDSADYIPHDIY,,,19.000000,2379.157500,c232,10.000000,2385.214253,0.207752,4.709631,0.208948,5.793502,0.001683
SHIP1-c140,40,60,LSKGQGKTRDDSADYIPHDIY,,,19.000000,2379.157500,c232,30.000002,2385.351830,0.062169,4.847208,0.066054,5.797220,0.006969
SHIP1-c140,53,60,DYIPHDIY,,,6.000000,1035.478200,c140,0.000000,1036.063226,0.017608,0.000000,0.000000,6.580369,0.008981
SHIP1-c140,53,60,DYIPHDIY,,,6.000000,1035.478200,c140,1.000000,1037.113954,0.028887,1.050728,0.033831,6.596603,0.006626
SHIP1-c140,53,60,DYIPHDIY,,,6.000000,1035.478200,c140,10.000000,1037.158060,0.110164,1.094834,0.111563,6.602999,0.002662
SHIP1-c140,53,60,DYIPHDIY,,,6.000000,1035.478200,c140,30.000002,1037.112523,0.055401,1.049297,0.058132,6.587860,0.010416
SHIP1-c140,53,60,DYIPHDIY,,,6.000000,1035.478200,c232,0.000000,1036.052993,0.026694,0.000000,0.000000,6.572248,0.003918
SHIP1-c140,53,60,DYIPHDIY,,,6.000000,1035.478200,c232,1.000000,1037.070807,0.079883,1.017813,0.084225,6.589077,0.007958
SHIP1-c140,53,60,DYIPHDIY,,,6.000000,1035.478200,c232,10.000000,1037.076808,0.051096,1.023815,0.057648,6.587976,0.004624
SHIP1-c140,53,60,DYIPHDIY,,,6.000000,1035.478200,c232,30.000002,1037.101670,0.051895,1.048677,0.058358,6.585625,0.004900
SHIP1-c140,54,60,YIPHDIY,,,5.000000,920.451200,c140,0.000000,920.971426,0.014222,0.000000,0.000000,6.106076,0.010062
SHIP1-c140,54,60,YIPHDIY,,,5.000000,920.451200,c140,1.000000,921.276403,0.029207,0.304976,0.032485,6.122792,0.013464
SHIP1-c140,54,60,YIPHDIY,,,5.000000,920.451200,c140,10.000000,921.266335,0.040897,0.294908,0.043299,6.135747,0.001305
SHIP1-c140,54,60,YIPHDIY,,,5.000000,920.451200,c140,30.000002,921.253195,0.051509,0.281769,0.053436,6.118768,0.007508
SHIP1-c140,54,60,YIPHDIY,,,5.000000,920.451200,c232,0.000000,920.956285,0.022959,0.000000,0.000000,6.100954,0.007174
SHIP1-c140,54,60,YIPHDIY,,,5.000000,920.451200,c232,1.000000,921.239226,0.028534,0.282941,0.036624,6.126464,0.009174
SHIP1-c140,54,60,YIPHDIY,,,5.000000,920.451200,c232,10.000000,921.264283,0.038007,0.307998,0.044403,6.122035,0.000746
SHIP1-c140,54,60,YIPHDIY,,,5.000000,920.451200,c232,30.000002,921.263720,0.011953,0.307435,0.025884,6.122452,0.004679
SHIP1-c140,61,71,VIGTQEDPLSE,,,9.000000,1187.579000,c140,0.000000,1188.237411,0.030104,0.000000,0.000000,6.201099,0.002464
SHIP1-c140,61,71,VIGTQEDPLSE,,,9.000000,1187.579000,c140,1.000000,1189.525069,0.074246,1.287658,0.080117,6.224683,0.009622
SHIP1-c140,61,71,VIGTQEDPLSE,,,9.000000,1187.579000,c140,10.000000,1189.571997,0.059824,1.334586,0.066972,6.220449,0.002072
SHIP1-c140,61,71,VIGTQEDPLSE,,,9.000000,1187.579000,c140,30.000002,1189.690376,0.075692,1.452965,0.081458,6.223476,0.002358
SHIP1-c140,61,71,VIGTQEDPLSE,,,9.000000,1187.579000,c232,0.000000,1188.195663,0.034941,0.000000,0.000000,6.203032,0.004570
SHIP1-c140,61,71,VIGTQEDPLSE,,,9.000000,1187.579000,c232,1.000000,1189.485332,0.036785,1.289669,0.050735,6.224573,0.006516
SHIP1-c140,61,71,VIGTQEDPLSE,,,9.000000,1187.579000,c232,10.000000,1189.530294,0.053530,1.334631,0.063924,6.221180,0.002351
SHIP1-c140,61,71,VIGTQEDPLSE,,,9.000000,1187.579000,c232,30.000002,1189.534781,0.078298,1.339118,0.085741,6.235546,0.003572
SHIP1-c140,61,73,VIGTQEDPLSEKE,,,11.000000,1444.716600,c140,0.000000,1445.502967,0.011502,0.000000,0.000000,5.653135,0.004799
SHIP1-c140,61,73,VIGTQEDPLSEKE,,,11.000000,1444.716600,c140,1.000000,1447.884489,0.081781,2.381522,0.082586,5.681479,0.004501
SHIP1-c140,61,73,VIGTQEDPLSEKE,,,11.000000,1444.716600,c140,10.000000,1448.017005,0.032878,2.514039,0.034832,5.685939,0.001414
SHIP1-c140,61,73,VIGTQEDPLSEKE,,,11.000000,1444.716600,c140,30.000002,1448.069420,0.037172,2.566454,0.038911,5.666214,0.002453
SHIP1-c140,61,73,VIGTQEDPLSEKE,,,11.000000,1444.716600,c232,0.000000,1445.502757,0.033089,0.000000,0.000000,5.647802,0.004908
SHIP1-c140,61,73,VIGTQEDPLSEKE,,,11.000000,1444.716600,c232,1.000000,1447.802025,0.030213,2.299268,0.044807,5.669954,0.008257
SHIP1-c140,61,73,VIGTQEDPLSEKE,,,11.000000,1444.716600,c232,10.000000,1447.884931,0.090567,2.382174,0.096422,5.670919,0.005133
SHIP1-c140,61,73,VIGTQEDPLSEKE,,,11.000000,1444.716600,c232,30.000002,1447.921281,0.094199,2.418524,0.099842,5.660519,0.005393
SHIP1-c140,61,75,VIGTQEDPLSEKEWL,,,13.000000,1743.880000,c140,0.000000,1744.853725,0.003744,0.000000,0.000000,7.574083,0.005739
SHIP1-c140,61,75,VIGTQEDPLSEKEWL,,,13.000000,1743.880000,c140,1.000000,1746.689702,0.060398,1.835977,0.060514,7.610153,0.004152
SHIP1-c140,61,75,VIGTQEDPLSEKEWL,,,13.000000,1743.880000,c140,10.000000,1746.780126,0.033962,1.926401,0.034167,7.622953,0.004216
SHIP1-c140,61,75,VIGTQEDPLSEKEWL,,,13.000000,1743.880000,c140,30.000002,1746.815223,0.074068,1.961498,0.074163,7.608663,0.003063
SHIP1-c140,61,75,VIGTQEDPLSEKEWL,,,13.000000,1743.880000,c232,0.000000,1744.808459,0.019160,0.000000,0.000000,7.565831,0.029818
SHIP1-c140,61,75,VIGTQEDPLSEKEWL,,,13.000000,1743.880000,c232,1.000000,1746.679163,0.016741,1.870704,0.025443,7.603114,0.008536
SHIP1-c140,61,75,VIGTQEDPLSEKEWL,,,13.000000,1743.880000,c232,10.000000,1746.757077,0.089951,1.948618,0.091969,7.605191,0.007760
SHIP1-c140,61,75,VIGTQEDPLSEKEWL,,,13.000000,1743.880000,c232,30.000002,1746.793092,0.074958,1.984633,0.077368,7.622722,0.000646
SHIP1-c140,64,75,TQEDPLSEKEWL,,,10.000000,1474.706000,c140,0.000000,1475.510557,0.040740,0.000000,0.000000,7.418253,0.003400
SHIP1-c140,64,75,TQEDPLSEKEWL,,,10.000000,1474.706000,c140,1.000000,1477.223455,0.044154,1.712898,0.060078,7.452353,0.002054
SHIP1-c140,64,75,TQEDPLSEKEWL,,,10.000000,1474.706000,c140,10.000000,1477.329955,0.034838,1.819398,0.053604,7.467934,0.005004
SHIP1-c140,64,75,TQEDPLSEKEWL,,,10.000000,1474.706000,c140,30.000002,1477.326557,0.075640,1.816001,0.085913,7.449286,0.001599
SHIP1-c140,64,75,TQEDPLSEKEWL,,,10.000000,1474.706000,c232,0.000000,1475.525540,0.029516,0.000000,0.000000,7.418614,0.019557
SHIP1-c140,64,75,TQEDPLSEKEWL,,,10.000000,1474.706000,c232,1.000000,1477.218528,0.048209,1.692988,0.056527,7.449187,0.010294
SHIP1-c140,64,75,TQEDPLSEKEWL,,,10.000000,1474.706000,c232,10.000000,1477.303536,0.085254,1.777996,0.090219,7.449138,0.005636
SHIP1-c140,64,75,TQEDPLSEKEWL,,,10.000000,1474.706000,c232,30.000002,1477.348388,0.177488,1.822848,0.179925,7.464928,0.002373
SHIP1-c140,74,78,WLEIL,,,4.000000,673.391900,c140,0.000000,673.678254,0.012586,0.000000,0.000000,8.876010,0.005727
SHIP1-c140,74,78,WLEIL,,,4.000000,673.391900,c140,1.000000,673.851856,0.003839,0.173602,0.013159,8.900740,0.007375
SHIP1-c140,74,78,WLEIL,,,4.000000,673.391900,c140,10.000000,673.850764,0.008823,0.172511,0.015371,8.902380,0.000948
SHIP1-c140,74,78,WLEIL,,,4.000000,673.391900,c140,30.000002,673.822777,0.059859,0.144523,0.061168,8.891809,0.000998
SHIP1-c140,74,78,WLEIL,,,4.000000,673.391900,c232,0.000000,673.772899,0.008440,0.000000,0.000000,8.874935,0.003972
SHIP1-c140,74,78,WLEIL,,,4.000000,673.391900,c232,1.000000,673.859939,0.015574,0.087040,0.017714,8.894917,0.002946
SHIP1-c140,74,78,WLEIL,,,4.000000,673.391900,c232,10.000000,673.833631,0.023787,0.060732,0.025240,8.893280,0.005449
SHIP1-c140,74,78,WLEIL,,,4.000000,673.391900,c232,30.000002,673.834497,0.019393,0.061598,0.021150,8.900298,0.003993
SHIP1-c140,74,82,WLEILKHSL,,,8.000000,1138.661900,c140,0.000000,1139.336351,0.042231,0.000000,0.000000,7.361730,0.009335
SHIP1-c140,74,82,WLEILKHSL,,,8.000000,1138.661900,c140,1.000000,1139.482049,0.037091,0.145698,0.056207,7.372105,0.011769
SHIP1-c140,74,82,WLEILKHSL,,,8.000000,1138.661900,c140,10.000000,1139.510969,0.038329,0.174617,0.057031,7.387195,0.001215
SHIP1-c140,74,82,WLEILKHSL,,,8.000000,1138.661900,c140,30.000002,1139.514124,0.041260,0.177772,0.059041,7.377325,0.003910
SHIP1-c140,74,82,WLEILKHSL,,,8.000000,1138.661900,c232,0.000000,1139.375963,0.022540,0.000000,0.000000,7.348225,0.014302
SHIP1-c140,74,82,WLEILKHSL,,,8.000000,1138.661900,c232,1.000000,1139.560895,0.018816,0.184932,0.029361,7.377901,0.012775
SHIP1-c140,74,82,WLEILKHSL,,,8.000000,1138.661900,c232,10.000000,1139.664726,0.033793,0.288763,0.040620,7.374950,0.008371
SHIP1-c140,74,82,WLEILKHSL,,,8.000000,1138.661900,c232,30.000002,1139.642056,0.107105,0.266093,0.109451,7.371991,0.009245
SHIP1-c140,76,82,EILKHSL,,,6.000000,839.498500,c140,0.000000,839.956353,0.004441,0.000000,0.000000,5.038345,0.005408
SHIP1-c140,76,82,EILKHSL,,,6.000000,839.498500,c140,1.000000,840.112297,0.013908,0.155944,0.014600,5.059628,0.015059
SHIP1-c140,76,82,EILKHSL,,,6.000000,839.498500,c140,10.000000,840.152751,0.012142,0.196398,0.012928,5.070792,0.001541
SHIP1-c140,76,82,EILKHSL,,,6.000000,839.498500,c140,30.000002,840.167524,0.024223,0.211170,0.024626,5.056727,0.004999
SHIP1-c140,76,82,EILKHSL,,,6.000000,839.498500,c232,0.000000,839.934017,0.011765,0.000000,0.000000,5.019500,0.022271
SHIP1-c140,76,82,EILKHSL,,,6.000000,839.498500,c232,1.000000,840.069699,0.017231,0.135682,0.020864,5.063027,0.012246
SHIP1-c140,76,82,EILKHSL,,,6.000000,839.498500,c232,10.000000,840.137088,0.033949,0.203071,0.035930,5.057662,0.002985
SHIP1-c140,76,82,EILKHSL,,,6.000000,839.498500,c232,30.000002,840.173564,0.010455,0.239547,0.015739,5.054501,0.007945
SHIP1-c140,76,87,EILKHSLQEITS,,,11.000000,1397.763500,c140,0.000000,1398.556648,0.055970,0.000000,0.000000,5.887324,0.011107
SHIP1-c140,76,87,EILKHSLQEITS,,,11.000000,1397.763500,c140,1.000000,1400.032836,0.117947,1.476189,0.130553,5.902116,0.012021
SHIP1-c140,76,87,EILKHSLQEITS,,,11.000000,1397.763500,c140,10.000000,1400.732065,0.088403,2.175417,0.104632,5.906920,0.004489
SHIP1-c140,76,87,EILKHSLQEITS,,,11.000000,1397.763500,c140,30.000002,1401.078549,0.041087,2.521901,0.069432,5.898088,0.001863
SHIP1-c140,76,87,EILKHSLQEITS,,,11.000000,1397.763500,c232,0.000000,1399.437313,0.471705,0.000000,0.000000,5.897946,0.008566
SHIP1-c140,76,87,EILKHSLQEITS,,,11.000000,1397.763500,c232,1.000000,1402.031009,0.852947,2.593696,0.974692,5.922327,0.010881
SHIP1-c140,76,87,EILKHSLQEITS,,,11.000000,1397.763500,c232,10.000000,1403.213029,0.916245,3.775716,1.030539,5.915719,0.006011
SHIP1-c140,76,87,EILKHSLQEITS,,,11.000000,1397.763500,c232,30.000002,1403.647716,1.274960,4.210404,1.359422,5.928450,0.009010
SHIP1-c140,77,82,ILKHSL,,,5.000000,710.455900,c140,0.000000,710.756637,0.065794,0.000000,0.000000,4.463120,0.006020
SHIP1-c140,77,82,ILKHSL,,,5.000000,710.455900,c140,1.000000,710.919159,0.012479,0.162521,0.066967,4.483189,0.014599
SHIP1-c140,77,82,ILKHSL,,,5.000000,710.455900,c140,10.000000,710.963106,0.012582,0.206468,0.066986,4.498078,0.003604
SHIP1-c140,77,82,ILKHSL,,,5.000000,710.455900,c140,30.000002,710.982062,0.018352,0.225425,0.068306,4.479873,0.010272
SHIP1-c140,77,82,ILKHSL,,,5.000000,710.455900,c232,0.000000,710.841034,0.020675,0.000000,0.000000,4.452734,0.007415
SHIP1-c140,77,82,ILKHSL,,,5.000000,710.455900,c232,1.000000,710.968189,0.044303,0.127155,0.048890,4.491872,0.013620
SHIP1-c140,77,82,ILKHSL,,,5.000000,710.455900,c232,10.000000,710.964311,0.033656,0.123277,0.039499,4.486243,0.007747
SHIP1-c140,77,82,ILKHSL,,,5.000000,710.455900,c232,30.000002,710.970535,0.010966,0.129501,0.023403,4.482593,0.008807
SHIP1-c140,83,87,QEITS,,,4.000000,577.282800,c140,0.000000,577.559942,0.015869,0.000000,0.000000,4.097264,0.006556
SHIP1-c140,83,87,QEITS,,,4.000000,577.282800,c140,1.000000,578.348658,0.020040,0.788716,0.025562,4.107231,0.013775
SHIP1-c140,83,87,QEITS,,,4.000000,577.282800,c140,10.000000,578.764299,0.040122,1.204357,0.043147,4.117763,0.006889
SHIP1-c140,83,87,QEITS,,,4.000000,577.282800,c140,30.000002,579.092510,0.037994,1.532568,0.041174,4.088986,0.012150
SHIP1-c140,83,87,QEITS,,,4.000000,577.282800,c232,0.000000,577.536195,0.008700,0.000000,0.000000,4.064393,0.038478
SHIP1-c140,83,87,QEITS,,,4.000000,577.282800,c232,1.000000,578.310224,0.010941,0.774029,0.013978,4.096647,0.007145
SHIP1-c140,83,87,QEITS,,,4.000000,577.282800,c232,10.000000,578.798627,0.025393,1.262431,0.026842,4.108193,0.000842
SHIP1-c140,83,87,QEITS,,,4.000000,577.282800,c232,30.000002,579.044750,0.045842,1.508554,0.046660,4.046722,0.058374
SHIP1-c140,83,89,QEITSVT,,,6.000000,777.398900,c140,0.000000,777.791799,0.005579,0.000000,0.000000,5.168654,0.010284
SHIP1-c140,83,89,QEITSVT,,,6.000000,777.398900,c140,1.000000,779.463467,0.006563,1.671668,0.008613,5.179968,0.010374
SHIP1-c140,83,89,QEITSVT,,,6.000000,777.398900,c140,10.000000,780.363815,0.030388,2.572016,0.030896,5.184759,0.000975
SHIP1-c140,83,89,QEITSVT,,,6.000000,777.398900,c140,30.000002,780.747177,0.023705,2.955378,0.024352,5.168843,0.003741
SHIP1-c140,83,89,QEITSVT,,,6.000000,777.398900,c232,0.000000,777.806043,0.020616,0.000000,0.000000,5.143404,0.019081
SHIP1-c140,83,89,QEITSVT,,,6.000000,777.398900,c232,1.000000,779.449206,0.026581,1.643163,0.033639,5.174437,0.006224
SHIP1-c140,83,89,QEITSVT,,,6.000000,777.398900,c232,10.000000,780.377717,0.002251,2.571674,0.020739,5.171421,0.002981
SHIP1-c140,83,89,QEITSVT,,,6.000000,777.398900,c232,30.000002,780.691683,0.120688,2.885640,0.122437,5.172076,0.004330
SHIP1-c140,85,90,ITSVTF,,,5.000000,667.366100,c140,0.000000,667.709644,0.011513,0.000000,0.000000,6.879845,0.007990
SHIP1-c140,85,90,ITSVTF,,,5.000000,667.366100,c140,1.000000,669.715365,0.102765,2.005721,0.103408,6.891993,0.011872
SHIP1-c140,85,90,ITSVTF,,,5.000000,667.366100,c140,10.000000,670.172846,0.047679,2.463202,0.049049,6.897691,0.001453
SHIP1-c140,85,90,ITSVTF,,,5.000000,667.366100,c140,30.000002,670.388111,0.185785,2.678467,0.186142,6.887779,0.001735
SHIP1-c140,85,90,ITSVTF,,,5.000000,667.366100,c232,0.000000,667.694640,0.006119,0.000000,0.000000,6.871601,0.006395
SHIP1-c140,85,90,ITSVTF,,,5.000000,667.366100,c232,1.000000,669.589420,0.123924,1.894780,0.124075,6.888541,0.006311
SHIP1-c140,85,90,ITSVTF,,,5.000000,667.366100,c232,10.000000,670.050164,0.157633,2.355524,0.157752,6.886296,0.001317
SHIP1-c140,85,90,ITSVTF,,,5.000000,667.366100,c232,30.000002,670.159208,0.083991,2.464568,0.084214,6.893205,0.005733
SHIP1-c140,90,94,FKTVA,,,4.000000,565.334400,c140,0.000000,565.582335,0.003522,0.000000,0.000000,4.556149,0.008022
SHIP1-c140,90,94,FKTVA,,,4.000000,565.334400,c140,1.000000,566.246471,0.031108,0.664136,0.031307,4.574896,0.012703
SHIP1-c140,90,94,FKTVA,,,4.000000,565.334400,c140,10.000000,566.206932,0.014213,0.624597,0.014643,4.583224,0.001211
SHIP1-c140,90,94,FKTVA,,,4.000000,565.334400,c140,30.000002,566.179964,0.032993,0.597629,0.033180,4.563554,0.008638
SHIP1-c140,90,94,FKTVA,,,4.000000,565.334400,c232,0.000000,565.663349,0.026690,0.000000,0.000000,4.545785,0.005464
SHIP1-c140,90,94,FKTVA,,,4.000000,565.334400,c232,1.000000,566.230726,0.019380,0.567377,0.032984,4.577504,0.007284
SHIP1-c140,90,94,FKTVA,,,4.000000,565.334400,c232,10.000000,566.208680,0.028339,0.545331,0.038929,4.575241,0.003090
SHIP1-c140,90,94,FKTVA,,,4.000000,565.334400,c232,30.000002,566.241699,0.032536,0.578350,0.042083,4.567468,0.003052
SHIP1-c140,91,99,KTVAIHTLW,,,8.000000,1068.620000,c140,0.000000,1069.247952,0.021128,0.000000,0.000000,6.703777,0.008358
SHIP1-c140,91,99,KTVAIHTLW,,,8.000000,1068.620000,c140,1.000000,1070.829640,0.053339,1.581688,0.057371,6.721669,0.013850
SHIP1-c140,91,99,KTVAIHTLW,,,8.000000,1068.620000,c140,10.000000,1070.956787,0.055879,1.708835,0.059740,6.725513,0.001225
SHIP1-c140,91,99,KTVAIHTLW,,,8.000000,1068.620000,c140,30.000002,1070.962997,0.056020,1.715045,0.059872,6.712814,0.007434
SHIP1-c140,91,99,KTVAIHTLW,,,8.000000,1068.620000,c232,0.000000,1069.231926,0.015626,0.000000,0.000000,6.693540,0.009750
SHIP1-c140,91,99,KTVAIHTLW,,,8.000000,1068.620000,c232,1.000000,1070.879814,0.043825,1.647888,0.046528,6.716522,0.011913
SHIP1-c140,91,99,KTVAIHTLW,,,8.000000,1068.620000,c232,10.000000,1070.969717,0.071090,1.737791,0.072787,6.713852,0.004691
SHIP1-c140,91,99,KTVAIHTLW,,,8.000000,1068.620000,c232,30.000002,1070.973388,0.068231,1.741462,0.069998,6.721341,0.009357
SHIP1-c140,91,100,KTVAIHTLWN,,,9.000000,1182.663000,c140,0.000000,1183.345060,0.026542,0.000000,0.000000,6.510888,0.003383
SHIP1-c140,91,100,KTVAIHTLWN,,,9.000000,1182.663000,c140,1.000000,1185.359724,0.116906,2.014663,0.119881,6.534030,0.009926
SHIP1-c140,91,100,KTVAIHTLWN,,,9.000000,1182.663000,c140,10.000000,1185.650808,0.140553,2.305748,0.143037,6.541022,0.003423
SHIP1-c140,91,100,KTVAIHTLWN,,,9.000000,1182.663000,c140,30.000002,1185.636118,0.139714,2.291057,0.142212,6.531184,0.009677
SHIP1-c140,91,100,KTVAIHTLWN,,,9.000000,1182.663000,c232,0.000000,1183.335358,0.037357,0.000000,0.000000,6.508767,0.007203
SHIP1-c140,91,100,KTVAIHTLWN,,,9.000000,1182.663000,c232,1.000000,1185.447149,0.093170,2.111791,0.100380,6.529191,0.011853
SHIP1-c140,91,100,KTVAIHTLWN,,,9.000000,1182.663000,c232,10.000000,1185.649303,0.155239,2.313945,0.159671,6.526114,0.004135
SHIP1-c140,91,100,KTVAIHTLWN,,,9.000000,1182.663000,c232,30.000002,1185.636911,0.139896,2.301553,0.144798,6.533229,0.005691
SHIP1-c140,91,101,KTVAIHTLWNI,,,10.000000,1295.747000,c140,0.000000,1296.495191,0.054515,0.000000,0.000000,7.348400,0.010855
SHIP1-c140,91,101,KTVAIHTLWNI,,,10.000000,1295.747000,c140,1.000000,1298.437996,0.159413,1.942805,0.168477,7.357505,0.015457
SHIP1-c140,91,101,KTVAIHTLWNI,,,10.000000,1295.747000,c140,10.000000,1298.750932,0.118481,2.255741,0.130421,7.373797,0.002016
SHIP1-c140,91,101,KTVAIHTLWNI,,,10.000000,1295.747000,c140,30.000002,1298.776708,0.150605,2.281517,0.160168,7.358966,0.003312
SHIP1-c140,91,101,KTVAIHTLWNI,,,10.000000,1295.747000,c232,0.000000,1296.540572,0.044626,0.000000,0.000000,7.332650,0.013882
SHIP1-c140,91,101,KTVAIHTLWNI,,,10.000000,1295.747000,c232,1.000000,1298.529857,0.087025,1.989285,0.097800,7.361413,0.012452
SHIP1-c140,91,101,KTVAIHTLWNI,,,10.000000,1295.747000,c232,10.000000,1298.759397,0.145047,2.218825,0.151757,7.360149,0.006369
SHIP1-c140,91,101,KTVAIHTLWNI,,,10.000000,1295.747000,c232,30.000002,1298.787655,0.126522,2.247084,0.134161,7.363032,0.008993
SHIP1-c140,91,103,KTVAIHTLWNIRI,,,12.000000,1564.932200,c140,0.000000,1565.856155,0.030040,0.000000,0.000000,7.234766,0.009057
SHIP1-c140,91,103,KTVAIHTLWNIRI,,,12.000000,1564.932200,c140,1.000000,1567.660697,0.062069,1.804541,0.068956,7.261138,0.005066
SHIP1-c140,91,103,KTVAIHTLWNIRI,,,12.000000,1564.932200,c140,10.000000,1567.944530,0.056224,2.088375,0.063746,7.281044,0.005130
SHIP1-c140,91,103,KTVAIHTLWNIRI,,,12.000000,1564.932200,c140,30.000002,1567.944622,0.058984,2.088467,0.066193,7.265207,0.002211
SHIP1-c140,91,103,KTVAIHTLWNIRI,,,12.000000,1564.932200,c232,0.000000,1565.851439,0.015566,0.000000,0.000000,7.237694,0.009630
SHIP1-c140,91,103,KTVAIHTLWNIRI,,,12.000000,1564.932200,c232,1.000000,1567.715935,0.064828,1.864495,0.066670,7.264989,0.013770
SHIP1-c140,91,103,KTVAIHTLWNIRI,,,12.000000,1564.932200,c232,10.000000,1567.956878,0.066735,2.105438,0.068526,7.263404,0.007151
SHIP1-c140,91,103,KTVAIHTLWNIRI,,,12.000000,1564.932200,c232,30.000002,1568.014073,0.082209,2.162634,0.083670,7.263259,0.007000
SHIP1-c140,95,99,IHTLW,,,4.000000,669.371900,c140,0.000000,669.792066,0.026740,0.000000,0.000000,7.089253,0.006507
SHIP1-c140,95,99,IHTLW,,,4.000000,669.371900,c140,1.000000,670.547618,0.027429,0.755552,0.038307,7.118030,0.007237
SHIP1-c140,95,99,IHTLW,,,4.000000,669.371900,c140,10.000000,670.568441,0.021664,0.776375,0.034414,7.128418,0.001361
SHIP1-c140,95,99,IHTLW,,,4.000000,669.371900,c140,30.000002,670.580411,0.038575,0.788345,0.046937,7.113850,0.007386
SHIP1-c140,95,99,IHTLW,,,4.000000,669.371900,c232,0.000000,669.782454,0.010529,0.000000,0.000000,7.093710,0.008728
SHIP1-c140,95,99,IHTLW,,,4.000000,669.371900,c232,1.000000,670.520865,0.022776,0.738411,0.025092,7.123694,0.010302
SHIP1-c140,95,99,IHTLW,,,4.000000,669.371900,c232,10.000000,670.596557,0.041981,0.814103,0.043281,7.119133,0.003133
SHIP1-c140,95,99,IHTLW,,,4.000000,669.371900,c232,30.000002,670.603552,0.029953,0.821098,0.031750,7.118651,0.003326
SHIP1-c140,95,100,IHTLWN,,,5.000000,783.414800,c140,0.000000,783.881989,0.009307,0.000000,0.000000,6.854386,0.006887
SHIP1-c140,95,100,IHTLWN,,,5.000000,783.414800,c140,1.000000,785.181520,0.074793,1.299531,0.075370,6.877405,0.012416
SHIP1-c140,95,100,IHTLWN,,,5.000000,783.414800,c140,10.000000,785.383137,0.079772,1.501148,0.080314,6.880269,0.004395
SHIP1-c140,95,100,IHTLWN,,,5.000000,783.414800,c140,30.000002,785.365514,0.048977,1.483525,0.049853,6.869435,0.005155
SHIP1-c140,95,100,IHTLWN,,,5.000000,783.414800,c232,0.000000,783.851746,0.015942,0.000000,0.000000,6.852087,0.008402
SHIP1-c140,95,100,IHTLWN,,,5.000000,783.414800,c232,1.000000,785.191541,0.028001,1.339795,0.032221,6.873088,0.007477
SHIP1-c140,95,100,IHTLWN,,,5.000000,783.414800,c232,10.000000,785.388837,0.104826,1.537091,0.106032,6.869358,0.002310
SHIP1-c140,95,100,IHTLWN,,,5.000000,783.414800,c232,30.000002,785.390798,0.096596,1.539052,0.097903,6.876632,0.004548
SHIP1-c140,95,101,IHTLWNI,,,6.000000,896.498900,c140,0.000000,896.975944,0.056296,0.000000,0.000000,7.786008,0.007724
SHIP1-c140,95,101,IHTLWNI,,,6.000000,896.498900,c140,1.000000,898.236093,0.067356,1.260148,0.087784,7.807673,0.011107
SHIP1-c140,95,101,IHTLWNI,,,6.000000,896.498900,c140,10.000000,898.393089,0.047936,1.417145,0.073940,7.818624,0.002513
SHIP1-c140,95,101,IHTLWNI,,,6.000000,896.498900,c140,30.000002,898.399413,0.062516,1.423469,0.084128,7.801919,0.005372
SHIP1-c140,95,101,IHTLWNI,,,6.000000,896.498900,c232,0.000000,897.039237,0.025449,0.000000,0.000000,7.750865,0.051128
SHIP1-c140,95,101,IHTLWNI,,,6.000000,896.498900,c232,1.000000,898.231253,0.036825,1.192016,0.044763,7.802881,0.009934
SHIP1-c140,95,101,IHTLWNI,,,6.000000,896.498900,c232,10.000000,898.396813,0.072136,1.357576,0.076493,7.800961,0.006422
SHIP1-c140,95,101,IHTLWNI,,,6.000000,896.498900,c232,30.000002,898.395890,0.052808,1.356653,0.058620,7.809625,0.006002
SHIP1-c140,95,103,IHTLWNIRI,,,8.000000,1165.684000,c140,0.000000,1166.356295,0.049535,0.000000,0.000000,7.531590,0.006873
SHIP1-c140,95,103,IHTLWNIRI,,,8.000000,1165.684000,c140,1.000000,1167.491016,0.075040,1.134721,0.089915,7.549123,0.008223
SHIP1-c140,95,103,IHTLWNIRI,,,8.000000,1165.684000,c140,10.000000,1167.631629,0.041692,1.275334,0.064745,7.563707,0.002404
SHIP1-c140,95,103,IHTLWNIRI,,,8.000000,1165.684000,c140,30.000002,1167.625028,0.052875,1.268733,0.072453,7.549075,0.005739
SHIP1-c140,95,103,IHTLWNIRI,,,8.000000,1165.684000,c232,0.000000,1166.366890,0.005818,0.000000,0.000000,7.514344,0.025812
SHIP1-c140,95,103,IHTLWNIRI,,,8.000000,1165.684000,c232,1.000000,1167.495453,0.041033,1.128562,0.041444,7.551549,0.012645
SHIP1-c140,95,103,IHTLWNIRI,,,8.000000,1165.684000,c232,10.000000,1167.661903,0.080722,1.295012,0.080931,7.550865,0.010042
SHIP1-c140,95,103,IHTLWNIRI,,,8.000000,1165.684000,c232,30.000002,1167.652027,0.052396,1.285136,0.052718,7.545361,0.007214
SHIP1-c140,100,105,NIRIVV,,,5.000000,713.466800,c140,0.000000,713.799267,0.045679,0.000000,0.000000,6.367304,0.003492
SHIP1-c140,100,105,NIRIVV,,,5.000000,713.466800,c140,1.000000,713.893266,0.023305,0.093998,0.051281,6.388171,0.011943
SHIP1-c140,100,105,NIRIVV,,,5.000000,713.466800,c140,10.000000,713.880743,0.021046,0.081475,0.050294,6.401174,0.003271
SHIP1-c140,100,105,NIRIVV,,,5.000000,713.466800,c140,30.000002,713.875397,0.012248,0.076130,0.047293,6.387716,0.006396
SHIP1-c140,100,105,NIRIVV,,,5.000000,713.466800,c232,0.000000,713.864428,0.012769,0.000000,0.000000,6.360510,0.007098
SHIP1-c140,100,105,NIRIVV,,,5.000000,713.466800,c232,1.000000,713.886679,0.008815,0.022251,0.015516,6.388706,0.011124
SHIP1-c140,100,105,NIRIVV,,,5.000000,713.466800,c232,10.000000,713.905574,0.026860,0.041145,0.029741,6.385506,0.004799
SHIP1-c140,100,105,NIRIVV,,,5.000000,713.466800,c232,30.000002,713.874849,0.016920,0.010421,0.021198,6.390404,0.007171
SHIP1-c140,101,105,IRIVV,,,4.000000,599.423900,c140,0.000000,599.737323,0.009821,0.000000,0.000000,6.227983,0.005804
SHIP1-c140,101,105,IRIVV,,,4.000000,599.423900,c140,1.000000,599.797374,0.001255,0.060051,0.009901,6.248713,0.017037
SHIP1-c140,101,105,IRIVV,,,4.000000,599.423900,c140,10.000000,599.779285,0.013618,0.041962,0.016790,6.253338,0.005351
SHIP1-c140,101,105,IRIVV,,,4.000000,599.423900,c140,30.000002,599.774496,0.001313,0.037173,0.009909,6.247041,0.000140
SHIP1-c140,101,105,IRIVV,,,4.000000,599.423900,c232,0.000000,599.708999,0.007826,0.000000,0.000000,6.220194,0.007719
SHIP1-c140,101,105,IRIVV,,,4.000000,599.423900,c232,1.000000,599.727472,0.006350,0.018473,0.010078,6.251176,0.010823
SHIP1-c140,101,105,IRIVV,,,4.000000,599.423900,c232,10.000000,599.769531,0.018575,0.060533,0.020156,6.244753,0.003641
SHIP1-c140,101,105,IRIVV,,,4.000000,599.423900,c232,30.000002,599.775558,0.004627,0.066559,0.009091,6.251818,0.009532
SHIP1-c140,101,106,IRIVVL,,,5.000000,712.508000,c140,0.000000,712.891563,0.021274,0.000000,0.000000,7.012310,0.007367
SHIP1-c140,101,106,IRIVVL,,,5.000000,712.508000,c140,1.000000,712.934037,0.020901,0.042474,0.029823,7.033004,0.016810
SHIP1-c140,101,106,IRIVVL,,,5.000000,712.508000,c140,10.000000,712.928653,0.019371,0.037091,0.028772,7.037125,0.005142
SHIP1-c140,101,106,IRIVVL,,,5.000000,712.508000,c140,30.000002,712.934204,0.029190,0.042641,0.036120,7.032282,0.006764
SHIP1-c140,101,106,IRIVVL,,,5.000000,712.508000,c232,0.000000,712.915231,0.019985,0.000000,0.000000,7.001488,0.009110
SHIP1-c140,101,106,IRIVVL,,,5.000000,712.508000,c232,1.000000,712.908675,0.009581,-0.006557,0.022163,7.031281,0.012951
SHIP1-c140,101,106,IRIVVL,,,5.000000,712.508000,c232,10.000000,712.920592,0.020243,0.005360,0.028446,7.026665,0.006165
SHIP1-c140,101,106,IRIVVL,,,5.000000,712.508000,c232,30.000002,712.919572,0.027500,0.004341,0.033995,7.033877,0.010721
SHIP1-c140,104,112,VVLAKPEHE,,,7.000000,1021.567700,c140,0.000000,1022.080078,0.051507,0.000000,0.000000,4.247452,0.006999
SHIP1-c140,104,112,VVLAKPEHE,,,7.000000,1021.567700,c140,1.000000,1022.720952,0.047229,0.640874,0.069882,4.260106,0.017593
SHIP1-c140,104,112,VVLAKPEHE,,,7.000000,1021.567700,c140,10.000000,1022.698072,0.070460,0.617994,0.087279,4.273987,0.003915
SHIP1-c140,104,112,VVLAKPEHE,,,7.000000,1021.567700,c140,30.000002,1022.708071,0.203862,0.627993,0.210268,4.252996,0.007921
SHIP1-c140,104,112,VVLAKPEHE,,,7.000000,1021.567700,c232,0.000000,1022.147030,0.020009,0.000000,0.000000,4.216328,0.036166
SHIP1-c140,104,112,VVLAKPEHE,,,7.000000,1021.567700,c232,1.000000,1022.632319,0.017471,0.485288,0.026563,4.263765,0.006096
SHIP1-c140,104,112,VVLAKPEHE,,,7.000000,1021.567700,c232,10.000000,1022.750131,0.031516,0.603101,0.037331,4.263085,0.004830
SHIP1-c140,104,112,VVLAKPEHE,,,7.000000,1021.567700,c232,30.000002,1022.771984,0.057159,0.624953,0.060560,4.238020,0.014935
SHIP1-c140,104,120,VVLAKPEHENRISHICT,,,15.000000,1946.027600,c140,0.000000,1947.250352,0.050395,0.000000,0.000000,4.839814,0.016055
SHIP1-c140,104,120,VVLAKPEHENRISHICT,,,15.000000,1946.027600,c140,1.000000,1948.602905,0.060041,1.352554,0.078387,4.860997,0.011609
SHIP1-c140,104,120,VVLAKPEHENRISHICT,,,15.000000,1946.027600,c140,10.000000,1949.301800,0.154208,2.051448,0.162234,4.856883,0.008141
SHIP1-c140,104,120,VVLAKPEHENRISHICT,,,15.000000,1946.027600,c140,30.000002,1949.561243,0.059998,2.310891,0.078354,4.837835,0.008642
SHIP1-c140,104,120,VVLAKPEHENRISHICT,,,15.000000,1946.027600,c232,0.000000,1947.215844,0.023426,0.000000,0.000000,4.791529,0.046867
SHIP1-c140,104,120,VVLAKPEHENRISHICT,,,15.000000,1946.027600,c232,1.000000,1948.340537,0.317683,1.124693,0.318545,4.850176,0.014788
SHIP1-c140,104,120,VVLAKPEHENRISHICT,,,15.000000,1946.027600,c232,10.000000,1949.029344,0.049642,1.813500,0.054891,4.843801,0.004373
SHIP1-c140,104,120,VVLAKPEHENRISHICT,,,15.000000,1946.027600,c232,30.000002,1949.285427,0.080385,2.069583,0.083729,4.852208,0.009640
SHIP1-c140,104,121,VVLAKPEHENRISHICTD,,,16.000000,2061.054600,c140,0.000000,2062.280702,0.027831,0.000000,0.000000,4.869684,0.005964
SHIP1-c140,104,121,VVLAKPEHENRISHICTD,,,16.000000,2061.054600,c140,1.000000,2063.773763,0.071604,1.493062,0.076822,4.899038,0.009976
SHIP1-c140,104,121,VVLAKPEHENRISHICTD,,,16.000000,2061.054600,c140,10.000000,2064.550475,0.113018,2.269773,0.116394,4.889143,0.005261
SHIP1-c140,104,121,VVLAKPEHENRISHICTD,,,16.000000,2061.054600,c140,30.000002,2064.924709,0.129513,2.644007,0.132470,4.883119,0.003506
SHIP1-c140,104,121,VVLAKPEHENRISHICTD,,,16.000000,2061.054600,c232,0.000000,2062.303177,0.019427,0.000000,0.000000,4.832257,0.051133
SHIP1-c140,104,121,VVLAKPEHENRISHICTD,,,16.000000,2061.054600,c232,1.000000,2063.715531,0.027156,1.412354,0.033390,4.892194,0.012474
SHIP1-c140,104,121,VVLAKPEHENRISHICTD,,,16.000000,2061.054600,c232,10.000000,2064.227254,0.038063,1.924077,0.042734,4.885059,0.004064
SHIP1-c140,104,121,VVLAKPEHENRISHICTD,,,16.000000,2061.054600,c232,30.000002,2064.495490,0.090352,2.192313,0.092417,4.876409,0.008705
SHIP1-c140,106,121,LAKPEHENRISHICTD,,,14.000000,1862.917800,c140,0.000000,1864.043761,0.031609,0.000000,0.000000,4.539747,0.011163
SHIP1-c140,106,121,LAKPEHENRISHICTD,,,14.000000,1862.917800,c140,1.000000,1865.566052,0.074324,1.522291,0.080767,4.547387,0.019147
SHIP1-c140,106,121,LAKPEHENRISHICTD,,,14.000000,1862.917800,c140,10.000000,1866.341135,0.117261,2.297374,0.121446,4.559166,0.002736
SHIP1-c140,106,121,LAKPEHENRISHICTD,,,14.000000,1862.917800,c140,30.000002,1866.660258,0.113804,2.616497,0.118112,4.535063,0.010986
SHIP1-c140,106,121,LAKPEHENRISHICTD,,,14.000000,1862.917800,c232,0.000000,1864.050325,0.022528,0.000000,0.000000,4.527993,0.006549
SHIP1-c140,106,121,LAKPEHENRISHICTD,,,14.000000,1862.917800,c232,1.000000,1865.486682,0.038711,1.436358,0.044789,4.550473,0.010315
SHIP1-c140,106,121,LAKPEHENRISHICTD,,,14.000000,1862.917800,c232,10.000000,1866.000378,0.032106,1.950053,0.039221,4.545300,0.005354
SHIP1-c140,106,121,LAKPEHENRISHICTD,,,14.000000,1862.917800,c232,30.000002,1866.229941,0.082037,2.179616,0.085073,4.546569,0.007919
SHIP1-c140,107,120,AKPEHENRISHICT,,,12.000000,1634.806700,c140,0.000000,1635.738819,0.027895,0.000000,0.000000,4.276175,0.005485
SHIP1-c140,107,120,AKPEHENRISHICT,,,12.000000,1634.806700,c140,1.000000,1637.261640,0.063308,1.522822,0.069181,4.299092,0.011625
SHIP1-c140,107,120,AKPEHENRISHICT,,,12.000000,1634.806700,c140,10.000000,1637.917630,0.106532,2.178811,0.110123,4.307768,0.006635
SHIP1-c140,107,120,AKPEHENRISHICT,,,12.000000,1634.806700,c140,30.000002,1638.218645,0.111572,2.479826,0.115007,4.290079,0.010672
SHIP1-c140,107,120,AKPEHENRISHICT,,,12.000000,1634.806700,c232,0.000000,1635.782058,0.017105,0.000000,0.000000,4.268945,0.016416
SHIP1-c140,107,120,AKPEHENRISHICT,,,12.000000,1634.806700,c232,1.000000,1637.298463,0.046904,1.516405,0.049926,4.308009,0.012475
SHIP1-c140,107,120,AKPEHENRISHICT,,,12.000000,1634.806700,c232,10.000000,1637.781575,0.048163,1.999516,0.051110,4.301136,0.004123
SHIP1-c140,107,120,AKPEHENRISHICT,,,12.000000,1634.806700,c232,30.000002,1638.015637,0.092606,2.233579,0.094172,4.289168,0.005721
SHIP1-c140,121,138,DNVKTGIANTLGNKGAVG,,,17.000000,1728.923900,c140,0.000000,1729.880179,0.009013,0.000000,0.000000,5.485730,0.008427
SHIP1-c140,121,138,DNVKTGIANTLGNKGAVG,,,17.000000,1728.923900,c140,1.000000,1737.391972,1.808381,7.511794,1.808404,5.476788,0.013351
SHIP1-c140,121,138,DNVKTGIANTLGNKGAVG,,,17.000000,1728.923900,c140,10.000000,1737.912176,0.893086,8.031997,0.893131,5.487275,0.004881
SHIP1-c140,121,138,DNVKTGIANTLGNKGAVG,,,17.000000,1728.923900,c140,30.000002,1738.051760,1.605090,8.171581,1.605115,5.466423,0.004563
SHIP1-c140,121,138,DNVKTGIANTLGNKGAVG,,,17.000000,1728.923900,c232,0.000000,1729.844262,0.039397,0.000000,0.000000,5.476560,0.002861
SHIP1-c140,121,138,DNVKTGIANTLGNKGAVG,,,17.000000,1728.923900,c232,1.000000,1736.502739,0.329198,6.658477,0.331548,5.478627,0.009155
SHIP1-c140,121,138,DNVKTGIANTLGNKGAVG,,,17.000000,1728.923900,c232,10.000000,1737.211136,0.178922,7.366874,0.183208,5.474814,0.006287
SHIP1-c140,121,138,DNVKTGIANTLGNKGAVG,,,17.000000,1728.923900,c232,30.000002,1737.501445,0.268765,7.657183,0.271637,5.478450,0.006865
SHIP1-c140,121,141,DNVKTGIANTLGNKGAVGVSF,,,20.000000,2062.092700,c140,0.000000,2063.307504,0.039094,0.000000,0.000000,6.602168,0.007673
SHIP1-c140,121,141,DNVKTGIANTLGNKGAVGVSF,,,20.000000,2062.092700,c140,1.000000,2070.033686,0.244226,6.726182,0.247335,6.615904,0.005413
SHIP1-c140,121,141,DNVKTGIANTLGNKGAVGVSF,,,20.000000,2062.092700,c140,10.000000,2070.790827,0.361376,7.483323,0.363485,6.626342,0.008577
SHIP1-c140,121,141,DNVKTGIANTLGNKGAVGVSF,,,20.000000,2062.092700,c140,30.000002,2070.801984,0.385129,7.494480,0.387108,6.609284,0.003762
SHIP1-c140,121,141,DNVKTGIANTLGNKGAVGVSF,,,20.000000,2062.092700,c232,0.000000,2063.300365,0.022238,0.000000,0.000000,6.598280,0.006480
SHIP1-c140,121,141,DNVKTGIANTLGNKGAVGVSF,,,20.000000,2062.092700,c232,1.000000,2069.536831,0.698517,6.236466,0.698871,6.606740,0.012332
SHIP1-c140,121,141,DNVKTGIANTLGNKGAVGVSF,,,20.000000,2062.092700,c232,10.000000,2070.197180,0.210394,6.896815,0.211566,6.607414,0.008632
SHIP1-c140,121,141,DNVKTGIANTLGNKGAVGVSF,,,20.000000,2062.092700,c232,30.000002,2070.639200,0.680337,7.338835,0.680700,6.593708,0.008228
SHIP1-c140,122,138,NVKTGIANTLGNKGAVG,,,16.000000,1613.896900,c140,0.000000,1614.791554,0.023011,0.000000,0.000000,5.271064,0.014624
SHIP1-c140,122,138,NVKTGIANTLGNKGAVG,,,16.000000,1613.896900,c140,1.000000,1621.538381,0.159608,6.746827,0.161258,5.262016,0.008055
SHIP1-c140,122,138,NVKTGIANTLGNKGAVG,,,16.000000,1613.896900,c140,10.000000,1621.945077,0.174194,7.153524,0.175707,5.276848,0.005220
SHIP1-c140,122,138,NVKTGIANTLGNKGAVG,,,16.000000,1613.896900,c140,30.000002,1621.892964,0.179821,7.101410,0.181287,5.264802,0.007019
SHIP1-c140,122,138,NVKTGIANTLGNKGAVG,,,16.000000,1613.896900,c232,0.000000,1614.769159,0.023052,0.000000,0.000000,5.260292,0.004340
SHIP1-c140,122,138,NVKTGIANTLGNKGAVG,,,16.000000,1613.896900,c232,1.000000,1621.219145,0.291788,6.449986,0.292697,5.274656,0.010506
SHIP1-c140,122,138,NVKTGIANTLGNKGAVG,,,16.000000,1613.896900,c232,10.000000,1621.620536,0.200096,6.851377,0.201420,5.269815,0.003565
SHIP1-c140,122,138,NVKTGIANTLGNKGAVG,,,16.000000,1613.896900,c232,30.000002,1621.790693,0.241359,7.021534,0.242457,5.281028,0.006257
SHIP1-c140,122,141,NVKTGIANTLGNKGAVGVSF,,,19.000000,1947.065800,c140,0.000000,1948.190782,0.024026,0.000000,0.000000,6.430717,0.008734
SHIP1-c140,122,141,NVKTGIANTLGNKGAVGVSF,,,19.000000,1947.065800,c140,1.000000,1954.559204,0.511123,6.368422,0.511688,6.435502,0.013102
SHIP1-c140,122,141,NVKTGIANTLGNKGAVGVSF,,,19.000000,1947.065800,c140,10.000000,1954.985807,0.576434,6.795025,0.576935,6.449714,0.007703
SHIP1-c140,122,141,NVKTGIANTLGNKGAVGVSF,,,19.000000,1947.065800,c140,30.000002,1954.932742,0.231952,6.741961,0.233193,6.435377,0.007615
SHIP1-c140,122,141,NVKTGIANTLGNKGAVGVSF,,,19.000000,1947.065800,c232,0.000000,1948.178927,0.016334,0.000000,0.000000,6.422978,0.004230
SHIP1-c140,122,141,NVKTGIANTLGNKGAVGVSF,,,19.000000,1947.065800,c232,1.000000,1954.454270,1.240788,6.275342,1.240896,6.429870,0.012271
SHIP1-c140,122,141,NVKTGIANTLGNKGAVGVSF,,,19.000000,1947.065800,c232,10.000000,1954.626647,0.573186,6.447720,0.573419,6.434235,0.007753
SHIP1-c140,122,141,NVKTGIANTLGNKGAVGVSF,,,19.000000,1947.065800,c232,30.000002,1954.907665,0.546241,6.728737,0.546485,6.427293,0.008447
SHIP1-c140,142,148,MFNGTSL,,,6.000000,769.354900,c140,0.000000,769.830162,0.007549,0.000000,0.000000,6.923767,0.006600
SHIP1-c140,142,148,MFNGTSL,,,6.000000,769.354900,c140,1.000000,771.243715,0.031299,1.413553,0.032196,6.949061,0.003444
SHIP1-c140,142,148,MFNGTSL,,,6.000000,769.354900,c140,10.000000,771.362477,0.041224,1.532315,0.041909,6.957810,0.002039
SHIP1-c140,142,148,MFNGTSL,,,6.000000,769.354900,c140,30.000002,771.450787,0.042574,1.620625,0.043238,6.942868,0.004959
SHIP1-c140,142,148,MFNGTSL,,,6.000000,769.354900,c232,0.000000,769.797706,0.005658,0.000000,0.000000,6.924543,0.006323
SHIP1-c140,142,148,MFNGTSL,,,6.000000,769.354900,c232,1.000000,771.094443,0.016372,1.296737,0.017322,6.946443,0.006176
SHIP1-c140,142,148,MFNGTSL,,,6.000000,769.354900,c232,10.000000,771.241790,0.042848,1.444084,0.043220,6.944599,0.002346
SHIP1-c140,142,148,MFNGTSL,,,6.000000,769.354900,c232,30.000002,771.296378,0.059670,1.498671,0.059938,6.942943,0.000827
SHIP1-c140,142,149,MFNGTSLG,,,7.000000,826.376400,c140,0.000000,826.852337,0.025338,0.000000,0.000000,6.512924,0.002757
SHIP1-c140,142,149,MFNGTSLG,,,7.000000,826.376400,c140,1.000000,828.295523,0.068061,1.443186,0.072624,6.532989,0.007289
SHIP1-c140,142,149,MFNGTSLG,,,7.000000,826.376400,c140,10.000000,828.398260,0.081310,1.545923,0.085167,6.541451,0.005107
SHIP1-c140,142,149,MFNGTSLG,,,7.000000,826.376400,c140,30.000002,828.516510,0.090936,1.664173,0.094400,6.533353,0.006571
SHIP1-c140,142,149,MFNGTSLG,,,7.000000,826.376400,c232,0.000000,826.821180,0.011689,0.000000,0.000000,6.511208,0.004323
SHIP1-c140,142,149,MFNGTSLG,,,7.000000,826.376400,c232,1.000000,828.114833,0.019641,1.293653,0.022856,6.532542,0.007917
SHIP1-c140,142,149,MFNGTSLG,,,7.000000,826.376400,c232,10.000000,828.288211,0.070210,1.467032,0.071176,6.529954,0.004291
SHIP1-c140,142,149,MFNGTSLG,,,7.000000,826.376400,c232,30.000002,828.340717,0.085509,1.519538,0.086304,6.538547,0.002723
SHIP1-c140,142,150,MFNGTSLGF,,,8.000000,973.444800,c140,0.000000,973.979333,0.017889,0.000000,0.000000,8.080683,0.008663
SHIP1-c140,142,150,MFNGTSLGF,,,8.000000,973.444800,c140,1.000000,974.932087,0.278760,0.952754,0.279333,8.111306,0.010872
SHIP1-c140,142,150,MFNGTSLGF,,,8.000000,973.444800,c140,10.000000,975.087892,0.307541,1.108559,0.308061,8.117552,0.003064
SHIP1-c140,142,150,MFNGTSLGF,,,8.000000,973.444800,c140,30.000002,975.218555,0.239791,1.239222,0.240458,8.108534,0.001747
SHIP1-c140,142,150,MFNGTSLGF,,,8.000000,973.444800,c232,0.000000,974.093068,0.086059,0.000000,0.000000,8.026323,0.079650
SHIP1-c140,142,150,MFNGTSLGF,,,8.000000,973.444800,c232,1.000000,975.068699,0.161604,0.975632,0.183090,8.105471,0.004971
SHIP1-c140,142,150,MFNGTSLGF,,,8.000000,973.444800,c232,10.000000,975.051169,0.240101,0.958102,0.255058,8.103820,0.004781
SHIP1-c140,142,150,MFNGTSLGF,,,8.000000,973.444800,c232,30.000002,974.989867,0.244571,0.896799,0.259270,8.115464,0.005334
SHIP1-c140,143,149,FNGTSLG,,,6.000000,695.335900,c140,0.000000,695.723683,0.007248,0.000000,0.000000,5.747225,0.007299
SHIP1-c140,143,149,FNGTSLG,,,6.000000,695.335900,c140,1.000000,696.838879,0.016227,1.115196,0.017772,5.760601,0.006596
SHIP1-c140,143,149,FNGTSLG,,,6.000000,695.335900,c140,10.000000,696.945367,0.027443,1.221684,0.028384,5.772273,0.004495
SHIP1-c140,143,149,FNGTSLG,,,6.000000,695.335900,c140,30.000002,697.090785,0.022905,1.367102,0.024025,5.757589,0.005174
SHIP1-c140,143,149,FNGTSLG,,,6.000000,695.335900,c232,0.000000,695.678932,0.006932,0.000000,0.000000,5.739608,0.005256
SHIP1-c140,143,149,FNGTSLG,,,6.000000,695.335900,c232,1.000000,696.817946,0.030623,1.139015,0.031398,5.762711,0.006982
SHIP1-c140,143,149,FNGTSLG,,,6.000000,695.335900,c232,10.000000,696.859946,0.022400,1.181014,0.023448,5.760954,0.003848
SHIP1-c140,143,149,FNGTSLG,,,6.000000,695.335900,c232,30.000002,696.900034,0.041481,1.221102,0.042056,5.765549,0.002852
SHIP1-c140,149,169,GFVNSHLTSGSEKKLRRNQNY,,,20.000000,2435.253800,c140,0.000000,2436.169899,0.393198,0.000000,0.000000,4.790921,0.026057
SHIP1-c140,149,169,GFVNSHLTSGSEKKLRRNQNY,,,20.000000,2435.253800,c140,1.000000,2442.378486,0.143624,6.208587,0.418608,4.798896,0.006787
SHIP1-c140,149,169,GFVNSHLTSGSEKKLRRNQNY,,,20.000000,2435.253800,c140,10.000000,2442.983190,0.993396,6.813291,1.068383,4.813362,0.003838
SHIP1-c140,149,169,GFVNSHLTSGSEKKLRRNQNY,,,20.000000,2435.253800,c140,30.000002,2442.864528,0.736927,6.694629,0.835264,4.799487,0.012150
SHIP1-c140,149,169,GFVNSHLTSGSEKKLRRNQNY,,,20.000000,2435.253800,c232,0.000000,2437.054891,0.842394,0.000000,0.000000,4.763317,0.035105
SHIP1-c140,149,169,GFVNSHLTSGSEKKLRRNQNY,,,20.000000,2435.253800,c232,1.000000,2442.037113,0.200556,4.982222,0.865939,4.807283,0.013032
SHIP1-c140,149,169,GFVNSHLTSGSEKKLRRNQNY,,,20.000000,2435.253800,c232,10.000000,2442.549668,0.304282,5.494777,0.895664,4.800240,0.004444
SHIP1-c140,149,169,GFVNSHLTSGSEKKLRRNQNY,,,20.000000,2435.253800,c232,30.000002,2442.791646,0.250847,5.736755,0.878949,4.816622,0.007495
SHIP1-c140,150,155,FVNSHL,,,5.000000,716.372600,c140,0.000000,716.775430,0.019839,0.000000,0.000000,5.342871,0.005952
SHIP1-c140,150,155,FVNSHL,,,5.000000,716.372600,c140,1.000000,717.127781,0.035969,0.352351,0.041078,5.361753,0.012636
SHIP1-c140,150,155,FVNSHL,,,5.000000,716.372600,c140,10.000000,717.383995,0.023923,0.608565,0.031079,5.373636,0.002767
SHIP1-c140,150,155,FVNSHL,,,5.000000,716.372600,c140,30.000002,717.498871,0.018456,0.723442,0.027096,5.358442,0.006654
SHIP1-c140,150,155,FVNSHL,,,5.000000,716.372600,c232,0.000000,716.757176,0.014854,0.000000,0.000000,5.331652,0.007825
SHIP1-c140,150,155,FVNSHL,,,5.000000,716.372600,c232,1.000000,716.990276,0.009945,0.233100,0.017876,5.366477,0.010044
SHIP1-c140,150,155,FVNSHL,,,5.000000,716.372600,c232,10.000000,717.095918,0.037604,0.338742,0.040431,5.361204,0.003937
SHIP1-c140,150,155,FVNSHL,,,5.000000,716.372600,c232,30.000002,717.155544,0.009287,0.398368,0.017518,5.360085,0.007241
SHIP1-c140,150,160,FVNSHLTSGSE,,,10.000000,1177.548400,c140,0.000000,1178.212716,0.066692,0.000000,0.000000,4.981539,0.015810
SHIP1-c140,150,160,FVNSHLTSGSE,,,10.000000,1177.548400,c140,1.000000,1180.430773,0.178668,2.218057,0.190709,4.986649,0.009834
SHIP1-c140,150,160,FVNSHLTSGSE,,,10.000000,1177.548400,c140,10.000000,1180.885826,0.058859,2.673111,0.088950,5.004907,0.002461
SHIP1-c140,150,160,FVNSHLTSGSE,,,10.000000,1177.548400,c140,30.000002,1180.859846,0.104701,2.647130,0.124137,4.979156,0.008227
SHIP1-c140,150,160,FVNSHLTSGSE,,,10.000000,1177.548400,c232,0.000000,1178.171033,0.031986,0.000000,0.000000,4.948505,0.029245
SHIP1-c140,150,160,FVNSHLTSGSE,,,10.000000,1177.548400,c232,1.000000,1180.239970,0.236042,2.068937,0.238199,4.987185,0.009607
SHIP1-c140,150,160,FVNSHLTSGSE,,,10.000000,1177.548400,c232,10.000000,1180.595441,0.146380,2.424408,0.149833,4.982079,0.003935
SHIP1-c140,150,160,FVNSHLTSGSE,,,10.000000,1177.548400,c232,30.000002,1180.610869,0.085197,2.439836,0.091003,4.992944,0.004557
SHIP1-c140,150,168,FVNSHLTSGSEKKLRRNQN,,,18.000000,2215.169000,c140,0.000000,2216.325249,0.079764,0.000000,0.000000,4.105200,0.003592
SHIP1-c140,150,168,FVNSHLTSGSEKKLRRNQN,,,18.000000,2215.169000,c140,1.000000,2221.832046,0.166558,5.506797,0.184672,4.134502,0.006042
SHIP1-c140,150,168,FVNSHLTSGSEKKLRRNQN,,,18.000000,2215.169000,c140,10.000000,2221.939144,0.200428,5.613895,0.215717,4.131285,0.006878
SHIP1-c140,150,168,FVNSHLTSGSEKKLRRNQN,,,18.000000,2215.169000,c140,30.000002,2221.844698,0.199359,5.519449,0.214724,4.115407,0.007109
SHIP1-c140,150,168,FVNSHLTSGSEKKLRRNQN,,,18.000000,2215.169000,c232,0.000000,2216.420053,0.047451,0.000000,0.000000,4.066372,0.067067
SHIP1-c140,150,168,FVNSHLTSGSEKKLRRNQN,,,18.000000,2215.169000,c232,1.000000,2221.716860,0.262214,5.296807,0.266472,4.129467,0.010602
SHIP1-c140,150,168,FVNSHLTSGSEKKLRRNQN,,,18.000000,2215.169000,c232,10.000000,2221.866863,0.216601,5.446810,0.221738,4.124624,0.004206
SHIP1-c140,150,168,FVNSHLTSGSEKKLRRNQN,,,18.000000,2215.169000,c232,30.000002,2222.011436,0.199624,5.591383,0.205186,4.106242,0.006139
SHIP1-c140,150,169,FVNSHLTSGSEKKLRRNQNY,,,19.000000,2378.232400,c140,0.000000,2379.592007,0.068025,0.000000,0.000000,4.439884,0.007413
SHIP1-c140,150,169,FVNSHLTSGSEKKLRRNQNY,,,19.000000,2378.232400,c140,1.000000,2385.457136,0.127764,5.865128,0.144745,4.458877,0.007663
SHIP1-c140,150,169,FVNSHLTSGSEKKLRRNQNY,,,19.000000,2378.232400,c140,10.000000,2385.581696,0.170904,5.989689,0.183944,4.473122,0.009925
SHIP1-c140,150,169,FVNSHLTSGSEKKLRRNQNY,,,19.000000,2378.232400,c140,30.000002,2385.394515,0.209124,5.802508,0.219910,4.456320,0.012986
SHIP1-c140,150,169,FVNSHLTSGSEKKLRRNQNY,,,19.000000,2378.232400,c232,0.000000,2379.585200,0.013951,0.000000,0.000000,4.452392,0.006506
SHIP1-c140,150,169,FVNSHLTSGSEKKLRRNQNY,,,19.000000,2378.232400,c232,1.000000,2384.953027,0.188613,5.367827,0.189128,4.471876,0.010499
SHIP1-c140,150,169,FVNSHLTSGSEKKLRRNQNY,,,19.000000,2378.232400,c232,10.000000,2385.448107,0.195716,5.862906,0.196213,4.465499,0.003901
SHIP1-c140,150,169,FVNSHLTSGSEKKLRRNQNY,,,19.000000,2378.232400,c232,30.000002,2385.574483,0.216462,5.989282,0.216911,4.457020,0.004667
SHIP1-c140,150,170,FVNSHLTSGSEKKLRRNQNYM,,,20.000000,2509.272800,c140,0.000000,2510.756555,0.056661,0.000000,0.000000,4.762668,0.007483
SHIP1-c140,150,170,FVNSHLTSGSEKKLRRNQNYM,,,20.000000,2509.272800,c140,1.000000,2517.044904,0.218214,6.288349,0.225450,4.780853,0.008630
SHIP1-c140,150,170,FVNSHLTSGSEKKLRRNQNYM,,,20.000000,2509.272800,c140,10.000000,2517.157679,0.416971,6.401124,0.420803,4.801329,0.006139
SHIP1-c140,150,170,FVNSHLTSGSEKKLRRNQNYM,,,20.000000,2509.272800,c140,30.000002,2516.978667,0.267071,6.222112,0.273016,4.784436,0.008449
SHIP1-c140,150,170,FVNSHLTSGSEKKLRRNQNYM,,,20.000000,2509.272800,c232,0.000000,2510.776452,0.012506,0.000000,0.000000,4.753147,0.029917
SHIP1-c140,150,170,FVNSHLTSGSEKKLRRNQNYM,,,20.000000,2509.272800,c232,1.000000,2516.127345,0.124010,5.350892,0.124639,4.796745,0.013343
SHIP1-c140,150,170,FVNSHLTSGSEKKLRRNQNYM,,,20.000000,2509.272800,c232,10.000000,2516.887932,0.121934,6.111480,0.122574,4.790770,0.003157
SHIP1-c140,150,170,FVNSHLTSGSEKKLRRNQNYM,,,20.000000,2509.272800,c232,30.000002,2517.157343,0.188070,6.380891,0.188485,4.801952,0.005734
SHIP1-c140,150,171,FVNSHLTSGSEKKLRRNQNYMN,,,21.000000,2623.315800,c140,0.000000,2624.877800,0.040452,0.000000,0.000000,4.658965,0.022456
SHIP1-c140,150,171,FVNSHLTSGSEKKLRRNQNYMN,,,21.000000,2623.315800,c140,1.000000,2631.785522,0.172901,6.907723,0.177571,4.657731,0.002941
SHIP1-c140,150,171,FVNSHLTSGSEKKLRRNQNYMN,,,21.000000,2623.315800,c140,10.000000,2631.914456,0.233339,7.036657,0.236819,4.674501,0.004093
SHIP1-c140,150,171,FVNSHLTSGSEKKLRRNQNYMN,,,21.000000,2623.315800,c140,30.000002,2631.758852,0.265782,6.881053,0.268843,4.648682,0.007264
SHIP1-c140,150,171,FVNSHLTSGSEKKLRRNQNYMN,,,21.000000,2623.315800,c232,0.000000,2624.881670,0.036489,0.000000,0.000000,4.644266,0.006479
SHIP1-c140,150,171,FVNSHLTSGSEKKLRRNQNYMN,,,21.000000,2623.315800,c232,1.000000,2630.425041,0.172399,5.543371,0.176218,4.662235,0.012045
SHIP1-c140,150,171,FVNSHLTSGSEKKLRRNQNYMN,,,21.000000,2623.315800,c232,10.000000,2631.525515,0.165761,6.643845,0.169730,4.659214,0.006685
SHIP1-c140,150,171,FVNSHLTSGSEKKLRRNQNYMN,,,21.000000,2623.315800,c232,30.000002,2631.827597,0.227426,6.945927,0.230335,4.674897,0.007332
SHIP1-c140,150,172,FVNSHLTSGSEKKLRRNQNYMNI,,,22.000000,2736.399800,c140,0.000000,2738.032645,0.048005,0.000000,0.000000,5.321001,0.014402
SHIP1-c140,150,172,FVNSHLTSGSEKKLRRNQNYMNI,,,22.000000,2736.399800,c140,1.000000,2745.336767,0.133335,7.304121,0.141714,5.322838,0.026019
SHIP1-c140,150,172,FVNSHLTSGSEKKLRRNQNYMNI,,,22.000000,2736.399800,c140,10.000000,2745.412947,0.191202,7.380302,0.197137,5.343048,0.008726
SHIP1-c140,150,172,FVNSHLTSGSEKKLRRNQNYMNI,,,22.000000,2736.399800,c140,30.000002,2745.262596,0.246834,7.229951,0.251459,5.321136,0.005673
SHIP1-c140,150,172,FVNSHLTSGSEKKLRRNQNYMNI,,,22.000000,2736.399800,c232,0.000000,2738.041786,0.018768,0.000000,0.000000,5.305026,0.005077
SHIP1-c140,150,172,FVNSHLTSGSEKKLRRNQNYMNI,,,22.000000,2736.399800,c232,1.000000,2743.366350,0.086892,5.324564,0.088896,5.335053,0.015138
SHIP1-c140,150,172,FVNSHLTSGSEKKLRRNQNYMNI,,,22.000000,2736.399800,c232,10.000000,2744.567364,0.078776,6.525578,0.080981,5.327492,0.005849
SHIP1-c140,150,172,FVNSHLTSGSEKKLRRNQNYMNI,,,22.000000,2736.399800,c232,30.000002,2744.965401,0.145454,6.923615,0.146660,5.328102,0.008729
SHIP1-c140,170,175,MNILRF,,,5.000000,793.438900,c140,0.000000,793.951454,0.014583,0.000000,0.000000,7.496021,0.006644
SHIP1-c140,170,175,MNILRF,,,5.000000,793.438900,c140,1.000000,796.628459,0.074547,2.677004,0.075960,7.510040,0.013407
SHIP1-c140,170,175,MNILRF,,,5.000000,793.438900,c140,10.000000,796.785340,0.049741,2.833886,0.051835,7.522458,0.001996
SHIP1-c140,170,175,MNILRF,,,5.000000,793.438900,c140,30.000002,796.777273,0.053429,2.825819,0.055383,7.507648,0.004357
SHIP1-c140,170,175,MNILRF,,,5.000000,793.438900,c232,0.000000,793.949234,0.026353,0.000000,0.000000,7.475383,0.024694
SHIP1-c140,170,175,MNILRF,,,5.000000,793.438900,c232,1.000000,794.109545,0.032527,0.160311,0.041863,7.512318,0.011418
SHIP1-c140,170,175,MNILRF,,,5.000000,793.438900,c232,10.000000,794.718913,0.195086,0.769679,0.196858,7.510129,0.006657
SHIP1-c140,170,175,MNILRF,,,5.000000,793.438900,c232,30.000002,795.179326,0.124396,1.230092,0.127157,7.513114,0.007186
SHIP1-c140,171,175,NILRF,,,4.000000,662.398400,c140,0.000000,662.758626,0.014247,0.000000,0.000000,6.923429,0.008043
SHIP1-c140,171,175,NILRF,,,4.000000,662.398400,c140,1.000000,664.710379,0.051771,1.951754,0.053696,6.947382,0.007801
SHIP1-c140,171,175,NILRF,,,4.000000,662.398400,c140,10.000000,664.845195,0.041931,2.086570,0.044286,6.955071,0.003374
SHIP1-c140,171,175,NILRF,,,4.000000,662.398400,c140,30.000002,664.829431,0.029226,2.070805,0.032513,6.940374,0.005130
SHIP1-c140,171,175,NILRF,,,4.000000,662.398400,c232,0.000000,662.729374,0.005186,0.000000,0.000000,6.922446,0.009451
SHIP1-c140,171,175,NILRF,,,4.000000,662.398400,c232,1.000000,662.870379,0.008249,0.141005,0.009744,6.948822,0.008725
SHIP1-c140,171,175,NILRF,,,4.000000,662.398400,c232,10.000000,663.367874,0.131996,0.638500,0.132098,6.944901,0.000719
SHIP1-c140,171,175,NILRF,,,4.000000,662.398400,c232,30.000002,663.739506,0.100963,1.010132,0.101096,6.945871,0.003214
SHIP1-c140,176,195,LALGDKKLSPFNITHRFTHL,,,18.000000,2308.292400,c140,0.000000,2309.634655,0.027803,0.000000,0.000000,6.483599,0.009790
SHIP1-c140,176,195,LALGDKKLSPFNITHRFTHL,,,18.000000,2308.292400,c140,1.000000,2314.229864,0.256848,4.595209,0.258349,6.509866,0.003448
SHIP1-c140,176,195,LALGDKKLSPFNITHRFTHL,,,18.000000,2308.292400,c140,10.000000,2314.228622,0.273720,4.593967,0.275128,6.517689,0.001317
SHIP1-c140,176,195,LALGDKKLSPFNITHRFTHL,,,18.000000,2308.292400,c140,30.000002,2314.087812,0.316076,4.453157,0.317296,6.511102,0.001502
SHIP1-c140,176,195,LALGDKKLSPFNITHRFTHL,,,18.000000,2308.292400,c232,0.000000,2309.606532,0.022514,0.000000,0.000000,6.492040,0.006698
SHIP1-c140,176,195,LALGDKKLSPFNITHRFTHL,,,18.000000,2308.292400,c232,1.000000,2313.036131,0.089270,3.429598,0.092066,6.510475,0.011830
SHIP1-c140,176,195,LALGDKKLSPFNITHRFTHL,,,18.000000,2308.292400,c232,10.000000,2313.665653,0.244093,4.059121,0.245129,6.508325,0.008635
SHIP1-c140,176,195,LALGDKKLSPFNITHRFTHL,,,18.000000,2308.292400,c232,30.000002,2313.867701,0.211691,4.261169,0.212885,6.518703,0.009161
SHIP1-c140,178,194,LGDKKLSPFNITHRFTH,,,15.000000,2011.087200,c140,0.000000,2012.132743,0.058869,0.000000,0.000000,6.485401,0.011055
SHIP1-c140,178,194,LGDKKLSPFNITHRFTH,,,15.000000,2011.087200,c140,1.000000,2015.650370,0.177794,3.517627,0.187286,6.508373,0.002655
SHIP1-c140,178,194,LGDKKLSPFNITHRFTH,,,15.000000,2011.087200,c140,10.000000,2015.695048,0.219993,3.562305,0.227733,6.519130,0.000615
SHIP1-c140,178,194,LGDKKLSPFNITHRFTH,,,15.000000,2011.087200,c140,30.000002,2015.593933,0.273135,3.461190,0.279407,6.511222,0.000735
SHIP1-c140,178,194,LGDKKLSPFNITHRFTH,,,15.000000,2011.087200,c232,0.000000,2012.270109,0.022439,0.000000,0.000000,6.491789,0.005842
SHIP1-c140,178,194,LGDKKLSPFNITHRFTH,,,15.000000,2011.087200,c232,1.000000,2014.706730,0.010279,2.436620,0.024681,6.507853,0.012507
SHIP1-c140,178,194,LGDKKLSPFNITHRFTH,,,15.000000,2011.087200,c232,10.000000,2015.245199,0.224098,2.975090,0.225219,6.507706,0.007688
SHIP1-c140,178,194,LGDKKLSPFNITHRFTH,,,15.000000,2011.087200,c232,30.000002,2015.242286,0.172674,2.972177,0.174126,6.520907,0.007177
SHIP1-c140,202,211,NYRVDLPTWE,,,8.000000,1292.627000,c140,0.000000,1293.359021,0.003892,0.000000,0.000000,7.210661,0.011036
SHIP1-c140,202,211,NYRVDLPTWE,,,8.000000,1292.627000,c140,1.000000,1297.354439,0.068751,3.995418,0.068861,7.230862,0.006643
SHIP1-c140,202,211,NYRVDLPTWE,,,8.000000,1292.627000,c140,10.000000,1297.633578,0.069972,4.274558,0.070080,7.237728,0.006210
SHIP1-c140,202,211,NYRVDLPTWE,,,8.000000,1292.627000,c140,30.000002,1297.539036,0.017876,4.180016,0.018295,7.233470,0.001153
SHIP1-c140,202,211,NYRVDLPTWE,,,8.000000,1292.627000,c232,0.000000,1293.408116,0.033178,0.000000,0.000000,7.206816,0.006744
SHIP1-c140,202,211,NYRVDLPTWE,,,8.000000,1292.627000,c232,1.000000,1296.270548,0.026273,2.862432,0.042321,7.229844,0.008599
SHIP1-c140,202,211,NYRVDLPTWE,,,8.000000,1292.627000,c232,10.000000,1297.290072,0.011292,3.881956,0.035047,7.228472,0.003322
SHIP1-c140,202,211,NYRVDLPTWE,,,8.000000,1292.627000,c232,30.000002,1297.598076,0.127338,4.189960,0.131589,7.222988,0.005328
SHIP1-c140,203,210,YRVDLPTW,,,6.000000,1049.541500,c140,0.000000,1050.125001,0.036378,0.000000,0.000000,7.585252,0.000715
SHIP1-c140,203,210,YRVDLPTW,,,6.000000,1049.541500,c140,1.000000,1053.142219,0.053227,3.017217,0.064471,7.613877,0.007288
SHIP1-c140,203,210,YRVDLPTW,,,6.000000,1049.541500,c140,10.000000,1053.294325,0.066739,3.169324,0.076009,7.624932,0.000915
SHIP1-c140,203,210,YRVDLPTW,,,6.000000,1049.541500,c140,30.000002,1053.232911,0.034990,3.107910,0.050475,7.607825,0.003001
SHIP1-c140,203,210,YRVDLPTW,,,6.000000,1049.541500,c232,0.000000,1050.193187,0.032620,0.000000,0.000000,7.568427,0.031496
SHIP1-c140,203,210,YRVDLPTW,,,6.000000,1049.541500,c232,1.000000,1052.551815,0.013557,2.358628,0.035325,7.610008,0.008122
SHIP1-c140,203,210,YRVDLPTW,,,6.000000,1049.541500,c232,10.000000,1053.183932,0.052711,2.990745,0.061988,7.610048,0.006769
SHIP1-c140,203,210,YRVDLPTW,,,6.000000,1049.541500,c232,30.000002,1053.280123,0.059274,3.086936,0.067657,7.617259,0.004365
SHIP1-c140,203,211,YRVDLPTWE,,,7.000000,1178.584100,c140,0.000000,1179.263482,0.021236,0.000000,0.000000,7.229957,0.008440
SHIP1-c140,203,211,YRVDLPTWE,,,7.000000,1178.584100,c140,1.000000,1182.812948,0.094920,3.549466,0.097267,7.257102,0.004509
SHIP1-c140,203,211,YRVDLPTWE,,,7.000000,1178.584100,c140,10.000000,1182.946503,0.094374,3.683020,0.096734,7.268979,0.001276
SHIP1-c140,203,211,YRVDLPTWE,,,7.000000,1178.584100,c140,30.000002,1182.847787,0.083223,3.584305,0.085890,7.258779,0.003234
SHIP1-c140,203,211,YRVDLPTWE,,,7.000000,1178.584100,c232,0.000000,1179.253494,0.047678,0.000000,0.000000,7.231122,0.008708
SHIP1-c140,203,211,YRVDLPTWE,,,7.000000,1178.584100,c232,1.000000,1182.129013,0.026818,2.875519,0.054703,7.258237,0.009444
SHIP1-c140,203,211,YRVDLPTWE,,,7.000000,1178.584100,c232,10.000000,1182.784963,0.031484,3.531470,0.057135,7.256121,0.003362
SHIP1-c140,203,211,YRVDLPTWE,,,7.000000,1178.584100,c232,30.000002,1182.960462,0.118837,3.706969,0.128045,7.253275,0.003403
SHIP1-c140,203,213,YRVDLPTWEAE,,,9.000000,1378.663800,c140,0.000000,1379.581547,0.114986,0.000000,0.000000,7.113767,0.004019
SHIP1-c140,203,213,YRVDLPTWEAE,,,9.000000,1378.663800,c140,1.000000,1384.210655,0.134225,4.629108,0.176744,7.141093,0.011898
SHIP1-c140,203,213,YRVDLPTWEAE,,,9.000000,1378.663800,c140,10.000000,1384.583232,0.150793,5.001684,0.189632,7.156031,0.002137
SHIP1-c140,203,213,YRVDLPTWEAE,,,9.000000,1378.663800,c140,30.000002,1384.580040,0.120490,4.998493,0.166552,7.142838,0.010626
SHIP1-c140,203,213,YRVDLPTWEAE,,,9.000000,1378.663800,c232,0.000000,1379.638480,0.034877,0.000000,0.000000,7.120740,0.007186
SHIP1-c140,203,213,YRVDLPTWEAE,,,9.000000,1378.663800,c232,1.000000,1383.660780,0.056338,4.022299,0.066260,7.146328,0.007505
SHIP1-c140,203,213,YRVDLPTWEAE,,,9.000000,1378.663800,c232,10.000000,1384.196762,0.116681,4.558281,0.121782,7.145833,0.003519
SHIP1-c140,203,213,YRVDLPTWEAE,,,9.000000,1378.663800,c232,30.000002,1384.351938,0.180917,4.713458,0.184249,7.160823,0.003395
SHIP1-c140,204,210,RVDLPTW,,,5.000000,886.478100,c140,0.000000,886.998016,0.012647,0.000000,0.000000,7.236719,0.008023
SHIP1-c140,204,210,RVDLPTW,,,5.000000,886.478100,c140,1.000000,889.217116,0.057689,2.219100,0.059059,7.261303,0.007220
SHIP1-c140,204,210,RVDLPTW,,,5.000000,886.478100,c140,10.000000,889.259867,0.064075,2.261851,0.065311,7.272783,0.000992
SHIP1-c140,204,210,RVDLPTW,,,5.000000,886.478100,c140,30.000002,889.188691,0.067115,2.190674,0.068296,7.260777,0.003900
SHIP1-c140,204,210,RVDLPTW,,,5.000000,886.478100,c232,0.000000,886.983777,0.035786,0.000000,0.000000,7.236072,0.009443
SHIP1-c140,204,210,RVDLPTW,,,5.000000,886.478100,c232,1.000000,889.142256,0.073445,2.158478,0.081699,7.261719,0.008840
SHIP1-c140,204,210,RVDLPTW,,,5.000000,886.478100,c232,10.000000,889.251395,0.077013,2.267617,0.084921,7.260273,0.003325
SHIP1-c140,204,210,RVDLPTW,,,5.000000,886.478100,c232,30.000002,889.274142,0.080855,2.290365,0.088420,7.261188,0.004277
SHIP1-c140,204,211,RVDLPTWE,,,6.000000,1015.520700,c140,0.000000,1016.098648,0.016408,0.000000,0.000000,6.858138,0.008668
SHIP1-c140,204,211,RVDLPTWE,,,6.000000,1015.520700,c140,1.000000,1018.960719,0.065919,2.862071,0.067931,6.880813,0.013230
SHIP1-c140,204,211,RVDLPTWE,,,6.000000,1015.520700,c140,10.000000,1018.988702,0.071881,2.890054,0.073730,6.884212,0.004226
SHIP1-c140,204,211,RVDLPTWE,,,6.000000,1015.520700,c140,30.000002,1018.924688,0.070411,2.826041,0.072298,6.875017,0.002664
SHIP1-c140,204,211,RVDLPTWE,,,6.000000,1015.520700,c232,0.000000,1016.051944,0.020141,0.000000,0.000000,6.853618,0.008365
SHIP1-c140,204,211,RVDLPTWE,,,6.000000,1015.520700,c232,1.000000,1018.829840,0.058124,2.777896,0.061515,6.877935,0.007876
SHIP1-c140,204,211,RVDLPTWE,,,6.000000,1015.520700,c232,10.000000,1018.988712,0.092970,2.936768,0.095126,6.875483,0.001870
SHIP1-c140,204,211,RVDLPTWE,,,6.000000,1015.520700,c232,30.000002,1019.017420,0.095077,2.965477,0.097187,6.882228,0.005454
SHIP1-c140,204,213,RVDLPTWEAE,,,8.000000,1215.600400,c140,0.000000,1216.307700,0.018539,0.000000,0.000000,6.759488,0.007981
SHIP1-c140,204,213,RVDLPTWEAE,,,8.000000,1215.600400,c140,1.000000,1220.419125,0.069735,4.111425,0.072158,6.784365,0.005858
SHIP1-c140,204,213,RVDLPTWEAE,,,8.000000,1215.600400,c140,10.000000,1220.467723,0.077848,4.160023,0.080025,6.794675,0.004666
SHIP1-c140,204,213,RVDLPTWEAE,,,8.000000,1215.600400,c140,30.000002,1220.412419,0.091903,4.104720,0.093755,6.778145,0.006559
SHIP1-c140,204,213,RVDLPTWEAE,,,8.000000,1215.600400,c232,0.000000,1216.267967,0.022428,0.000000,0.000000,6.759344,0.006763
SHIP1-c140,204,213,RVDLPTWEAE,,,8.000000,1215.600400,c232,1.000000,1220.319608,0.088476,4.051641,0.091274,6.782783,0.007856
SHIP1-c140,204,213,RVDLPTWEAE,,,8.000000,1215.600400,c232,10.000000,1220.459191,0.119216,4.191223,0.121307,6.780308,0.003820
SHIP1-c140,204,213,RVDLPTWEAE,,,8.000000,1215.600400,c232,30.000002,1220.431932,0.084036,4.163964,0.086977,6.775552,0.004252
SHIP1-c140,204,214,RVDLPTWEAET,,,9.000000,1316.648100,c140,0.000000,1317.395402,0.018315,0.000000,0.000000,6.755947,0.008943
SHIP1-c140,204,214,RVDLPTWEAET,,,9.000000,1316.648100,c140,1.000000,1322.243564,0.057533,4.848163,0.060378,6.775897,0.005946
SHIP1-c140,204,214,RVDLPTWEAET,,,9.000000,1316.648100,c140,10.000000,1322.326786,0.144547,4.931385,0.145703,6.784314,0.006354
SHIP1-c140,204,214,RVDLPTWEAET,,,9.000000,1316.648100,c140,30.000002,1322.348864,0.109870,4.953462,0.111386,6.771621,0.006490
SHIP1-c140,204,214,RVDLPTWEAET,,,9.000000,1316.648100,c232,0.000000,1317.395826,0.031453,0.000000,0.000000,6.754600,0.006541
SHIP1-c140,204,214,RVDLPTWEAET,,,9.000000,1316.648100,c232,1.000000,1322.190272,0.087352,4.794446,0.092842,6.773355,0.007876
SHIP1-c140,204,214,RVDLPTWEAET,,,9.000000,1316.648100,c232,10.000000,1322.282042,0.133173,4.886216,0.136837,6.772713,0.003908
SHIP1-c140,204,214,RVDLPTWEAET,,,9.000000,1316.648100,c232,30.000002,1322.336305,0.080287,4.940479,0.086228,6.765440,0.004913
SHIP1-c140,212,227,AETIIQKIKQQQYADL,,,15.000000,1890.033100,c140,0.000000,1891.013804,0.058042,0.000000,0.000000,6.933895,0.009323
SHIP1-c140,212,227,AETIIQKIKQQQYADL,,,15.000000,1890.033100,c140,1.000000,1896.791868,0.198437,5.778064,0.206752,6.952965,0.001028
SHIP1-c140,212,227,AETIIQKIKQQQYADL,,,15.000000,1890.033100,c140,10.000000,1899.511086,0.157467,8.497282,0.167824,6.954050,0.006053
SHIP1-c140,212,227,AETIIQKIKQQQYADL,,,15.000000,1890.033100,c140,30.000002,1899.782534,0.155260,8.768730,0.165754,6.935029,0.004945
SHIP1-c140,212,227,AETIIQKIKQQQYADL,,,15.000000,1890.033100,c232,0.000000,1891.141233,0.004869,0.000000,0.000000,6.943823,0.006788
SHIP1-c140,212,227,AETIIQKIKQQQYADL,,,15.000000,1890.033100,c232,1.000000,1896.311921,0.186251,5.170689,0.186314,6.958707,0.009711
SHIP1-c140,212,227,AETIIQKIKQQQYADL,,,15.000000,1890.033100,c232,10.000000,1899.560166,0.159264,8.418933,0.159338,6.945281,0.001113
SHIP1-c140,212,227,AETIIQKIKQQQYADL,,,15.000000,1890.033100,c232,30.000002,1899.967544,0.159479,8.826312,0.159553,6.935148,0.001268
SHIP1-c140,214,227,TIIQKIKQQQYADL,,,13.000000,1689.953400,c140,0.000000,1690.938039,0.003912,0.000000,0.000000,6.307016,0.007868
SHIP1-c140,214,227,TIIQKIKQQQYADL,,,13.000000,1689.953400,c140,1.000000,1695.674350,0.155183,4.736311,0.155233,6.328453,0.001187
SHIP1-c140,214,227,TIIQKIKQQQYADL,,,13.000000,1689.953400,c140,10.000000,1698.131180,0.157819,7.193141,0.157867,6.334072,0.000291
SHIP1-c140,214,227,TIIQKIKQQQYADL,,,13.000000,1689.953400,c140,30.000002,1698.558167,0.193710,7.620127,0.193750,6.310934,0.003133
SHIP1-c140,214,227,TIIQKIKQQQYADL,,,13.000000,1689.953400,c232,0.000000,1690.911712,0.012894,0.000000,0.000000,6.312041,0.006790
SHIP1-c140,214,227,TIIQKIKQQQYADL,,,13.000000,1689.953400,c232,1.000000,1695.305443,0.156926,4.393731,0.157455,6.325556,0.010514
SHIP1-c140,214,227,TIIQKIKQQQYADL,,,13.000000,1689.953400,c232,10.000000,1698.168953,0.047107,7.257241,0.048840,6.309547,0.004148
SHIP1-c140,214,227,TIIQKIKQQQYADL,,,13.000000,1689.953400,c232,30.000002,1698.706955,0.177205,7.795243,0.177674,6.293048,0.007004
SHIP1-c140,215,227,IIQKIKQQQYADL,,,12.000000,1588.905700,c140,0.000000,1589.828648,0.028241,0.000000,0.000000,5.613599,0.015164
SHIP1-c140,215,227,IIQKIKQQQYADL,,,12.000000,1588.905700,c140,1.000000,1594.126741,0.168305,4.298093,0.170658,5.616158,0.017964
SHIP1-c140,215,227,IIQKIKQQQYADL,,,12.000000,1588.905700,c140,10.000000,1595.924816,0.155969,6.096168,0.158505,5.631840,0.005393
SHIP1-c140,215,227,IIQKIKQQQYADL,,,12.000000,1588.905700,c140,30.000002,1596.173768,0.191344,6.345121,0.193417,5.614140,0.007957
SHIP1-c140,215,227,IIQKIKQQQYADL,,,12.000000,1588.905700,c232,0.000000,1589.776165,0.023778,0.000000,0.000000,5.597829,0.005707
SHIP1-c140,215,227,IIQKIKQQQYADL,,,12.000000,1588.905700,c232,1.000000,1593.786080,0.109316,4.009915,0.111872,5.621442,0.010738
SHIP1-c140,215,227,IIQKIKQQQYADL,,,12.000000,1588.905700,c232,10.000000,1595.906911,0.128350,6.130746,0.130534,5.619837,0.006412
SHIP1-c140,215,227,IIQKIKQQQYADL,,,12.000000,1588.905700,c232,30.000002,1596.286062,0.178312,6.509897,0.179890,5.627310,0.006779
SHIP1-c140,218,227,KIKQQQYADL,,,9.000000,1234.679000,c140,0.000000,1235.378270,0.044466,0.000000,0.000000,5.305637,0.012643
SHIP1-c140,218,227,KIKQQQYADL,,,9.000000,1234.679000,c140,1.000000,1238.849922,0.176009,3.471652,0.181539,5.312085,0.016706
SHIP1-c140,218,227,KIKQQQYADL,,,9.000000,1234.679000,c140,10.000000,1239.849885,0.214244,4.471615,0.218810,5.328076,0.001835
SHIP1-c140,218,227,KIKQQQYADL,,,9.000000,1234.679000,c140,30.000002,1239.750473,0.239491,4.372203,0.243584,5.303493,0.014212
SHIP1-c140,218,227,KIKQQQYADL,,,9.000000,1234.679000,c232,0.000000,1235.380588,0.042591,0.000000,0.000000,5.290239,0.006421
SHIP1-c140,218,227,KIKQQQYADL,,,9.000000,1234.679000,c232,1.000000,1238.807522,0.117105,3.426934,0.124609,5.322746,0.010623
SHIP1-c140,218,227,KIKQQQYADL,,,9.000000,1234.679000,c232,10.000000,1239.901315,0.221242,4.520727,0.225304,5.316135,0.001413
SHIP1-c140,218,227,KIKQQQYADL,,,9.000000,1234.679000,c232,30.000002,1239.968078,0.236196,4.587490,0.240005,5.322671,0.005887
SHIP1-c140,228,233,LSHDQL,,,5.000000,712.362400,c140,0.000000,712.726561,0.008516,0.000000,0.000000,4.917495,0.007302
SHIP1-c140,228,233,LSHDQL,,,5.000000,712.362400,c140,1.000000,713.341934,0.017958,0.615373,0.019876,4.940091,0.008786
SHIP1-c140,228,233,LSHDQL,,,5.000000,712.362400,c140,10.000000,713.518837,0.036104,0.792276,0.037095,4.950656,0.005863
SHIP1-c140,228,233,LSHDQL,,,5.000000,712.362400,c140,30.000002,713.705578,0.045920,0.979017,0.046703,4.931661,0.010687
SHIP1-c140,228,233,LSHDQL,,,5.000000,712.362400,c232,0.000000,712.701729,0.015122,0.000000,0.000000,4.901253,0.024537
SHIP1-c140,228,233,LSHDQL,,,5.000000,712.362400,c232,1.000000,712.922506,0.021937,0.220777,0.026644,4.945290,0.009797
SHIP1-c140,228,233,LSHDQL,,,5.000000,712.362400,c232,10.000000,713.223252,0.035419,0.521523,0.038512,4.940465,0.002996
SHIP1-c140,228,233,LSHDQL,,,5.000000,712.362400,c232,30.000002,713.293186,0.024709,0.591457,0.028969,4.938710,0.003976
SHIP1-c140,228,234,LSHDQLL,,,6.000000,825.446500,c140,0.000000,825.856835,0.015294,0.000000,0.000000,6.074835,0.007372
SHIP1-c140,228,234,LSHDQLL,,,6.000000,825.446500,c140,1.000000,826.551853,0.031934,0.695018,0.035407,6.096509,0.014628
SHIP1-c140,228,234,LSHDQLL,,,6.000000,825.446500,c140,10.000000,827.004672,0.029567,1.147837,0.033288,6.104457,0.001402
SHIP1-c140,228,234,LSHDQLL,,,6.000000,825.446500,c140,30.000002,827.297569,0.053005,1.440733,0.055168,6.092099,0.004117
SHIP1-c140,228,234,LSHDQLL,,,6.000000,825.446500,c232,0.000000,825.912564,0.008121,0.000000,0.000000,6.070823,0.006224
SHIP1-c140,228,234,LSHDQLL,,,6.000000,825.446500,c232,1.000000,826.130924,0.037099,0.218359,0.037978,6.100839,0.010726
SHIP1-c140,228,234,LSHDQLL,,,6.000000,825.446500,c232,10.000000,826.372015,0.036838,0.459451,0.037723,6.095574,0.002887
SHIP1-c140,228,234,LSHDQLL,,,6.000000,825.446500,c232,30.000002,826.445890,0.010251,0.533325,0.013078,6.100918,0.007142
SHIP1-c140,234,244,LTERREQKVFL,,,10.000000,1418.811400,c140,0.000000,1419.619501,0.011011,0.000000,0.000000,5.461784,0.013863
SHIP1-c140,234,244,LTERREQKVFL,,,10.000000,1418.811400,c140,1.000000,1423.719040,0.120816,4.099540,0.121317,5.471353,0.017951
SHIP1-c140,234,244,LTERREQKVFL,,,10.000000,1418.811400,c140,10.000000,1424.267780,0.133762,4.648279,0.134215,5.483345,0.007891
SHIP1-c140,234,244,LTERREQKVFL,,,10.000000,1418.811400,c140,30.000002,1424.175827,0.182854,4.556327,0.183185,5.453609,0.012033
SHIP1-c140,234,244,LTERREQKVFL,,,10.000000,1418.811400,c232,0.000000,1419.589554,0.011945,0.000000,0.000000,5.440403,0.006638
SHIP1-c140,234,244,LTERREQKVFL,,,10.000000,1418.811400,c232,1.000000,1421.205044,0.096546,1.615491,0.097282,5.473979,0.014697
SHIP1-c140,234,244,LTERREQKVFL,,,10.000000,1418.811400,c232,10.000000,1423.067317,0.096503,3.477764,0.097240,5.466291,0.003106
SHIP1-c140,234,244,LTERREQKVFL,,,10.000000,1418.811400,c232,30.000002,1423.587284,0.171921,3.997730,0.172336,5.473105,0.009795
SHIP1-c140,234,246,LTERREQKVFLHF,,,12.000000,1702.938700,c140,0.000000,1703.958590,0.013821,0.000000,0.000000,6.028501,0.008934
SHIP1-c140,234,246,LTERREQKVFLHF,,,12.000000,1702.938700,c140,1.000000,1708.204901,0.167220,4.246311,0.167790,6.054584,0.023229
SHIP1-c140,234,246,LTERREQKVFLHF,,,12.000000,1702.938700,c140,10.000000,1708.786117,0.197010,4.827528,0.197495,6.065189,0.004017
SHIP1-c140,234,246,LTERREQKVFLHF,,,12.000000,1702.938700,c140,30.000002,1708.673758,0.345161,4.715168,0.345438,6.060357,0.006476
SHIP1-c140,234,246,LTERREQKVFLHF,,,12.000000,1702.938700,c232,0.000000,1703.946172,0.021418,0.000000,0.000000,6.038179,0.009531
SHIP1-c140,234,246,LTERREQKVFLHF,,,12.000000,1702.938700,c232,1.000000,1705.836944,0.049702,1.890772,0.054121,6.065077,0.015145
SHIP1-c140,234,246,LTERREQKVFLHF,,,12.000000,1702.938700,c232,10.000000,1707.614806,0.038527,3.668634,0.044080,6.058961,0.003368
SHIP1-c140,234,246,LTERREQKVFLHF,,,12.000000,1702.938700,c232,30.000002,1708.142148,0.199844,4.195976,0.200988,6.078856,0.008912
SHIP1-c140,250,259,EITFAPTYRF,,,8.000000,1244.631000,c140,0.000000,1245.351735,0.046963,0.000000,0.000000,7.427556,0.002059
SHIP1-c140,250,259,EITFAPTYRF,,,8.000000,1244.631000,c140,1.000000,1246.347749,0.013367,0.996015,0.048829,7.456484,0.007293
SHIP1-c140,250,259,EITFAPTYRF,,,8.000000,1244.631000,c140,10.000000,1247.137138,0.029046,1.785403,0.055220,7.469134,0.005611
SHIP1-c140,250,259,EITFAPTYRF,,,8.000000,1244.631000,c140,30.000002,1247.621987,0.065636,2.270252,0.080707,7.452537,0.001098
SHIP1-c140,250,259,EITFAPTYRF,,,8.000000,1244.631000,c232,0.000000,1245.351173,0.017432,0.000000,0.000000,7.422084,0.019408
SHIP1-c140,250,259,EITFAPTYRF,,,8.000000,1244.631000,c232,1.000000,1245.985047,0.077059,0.633874,0.079006,7.452562,0.010851
SHIP1-c140,250,259,EITFAPTYRF,,,8.000000,1244.631000,c232,10.000000,1246.946580,0.059801,1.595408,0.062290,7.451696,0.006933
SHIP1-c140,250,259,EITFAPTYRF,,,8.000000,1244.631000,c232,30.000002,1247.298951,0.085117,1.947778,0.086884,7.464577,0.003747
SHIP1-c140,251,259,ITFAPTYRF,,,7.000000,1115.588400,c140,0.000000,1116.222995,0.022231,0.000000,0.000000,7.252095,0.005921
SHIP1-c140,251,259,ITFAPTYRF,,,7.000000,1115.588400,c140,1.000000,1117.040304,0.017010,0.817309,0.027993,7.278170,0.007780
SHIP1-c140,251,259,ITFAPTYRF,,,7.000000,1115.588400,c140,10.000000,1117.671244,0.032504,1.448249,0.039380,7.293966,0.002604
SHIP1-c140,251,259,ITFAPTYRF,,,7.000000,1115.588400,c140,30.000002,1117.975482,0.031806,1.752487,0.038805,7.278471,0.003737
SHIP1-c140,251,259,ITFAPTYRF,,,7.000000,1115.588400,c232,0.000000,1116.195628,0.008118,0.000000,0.000000,7.254341,0.009904
SHIP1-c140,251,259,ITFAPTYRF,,,7.000000,1115.588400,c232,1.000000,1116.779579,0.061491,0.583951,0.062024,7.281280,0.010644
SHIP1-c140,251,259,ITFAPTYRF,,,7.000000,1115.588400,c232,10.000000,1117.445900,0.037602,1.250272,0.038468,7.278265,0.004788
SHIP1-c140,251,259,ITFAPTYRF,,,7.000000,1115.588400,c232,30.000002,1117.632782,0.044756,1.437154,0.045487,7.283190,0.003842
SHIP1-c140,254,259,APTYRF,,,4.000000,754.388300,c140,0.000000,755.001470,0.200567,0.000000,0.000000,6.141831,0.009519
SHIP1-c140,254,259,APTYRF,,,4.000000,754.388300,c140,1.000000,755.253965,0.171233,0.252494,0.263719,6.168945,0.009180
SHIP1-c140,254,259,APTYRF,,,4.000000,754.388300,c140,10.000000,755.595293,0.119680,0.593823,0.233561,6.177513,0.004185
SHIP1-c140,254,259,APTYRF,,,4.000000,754.388300,c140,30.000002,755.859425,0.152309,0.857954,0.251844,6.158136,0.015014
SHIP1-c140,254,259,APTYRF,,,4.000000,754.388300,c232,0.000000,754.920529,0.123765,0.000000,0.000000,6.145893,0.008005
SHIP1-c140,254,259,APTYRF,,,4.000000,754.388300,c232,1.000000,755.074465,0.047176,0.153936,0.132451,6.174243,0.009374
SHIP1-c140,254,259,APTYRF,,,4.000000,754.388300,c232,10.000000,755.371447,0.063564,0.450918,0.139134,6.166728,0.003600
SHIP1-c140,254,259,APTYRF,,,4.000000,754.388300,c232,30.000002,755.540399,0.106083,0.619870,0.163007,6.166539,0.007417
SHIP1-c140,260,277,ERLTRDKYAYTKQKATGM,,,17.000000,2160.123000,c140,0.000000,2161.412565,0.031704,0.000000,0.000000,4.365894,0.017064
SHIP1-c140,260,277,ERLTRDKYAYTKQKATGM,,,17.000000,2160.123000,c140,1.000000,2168.961383,0.149422,7.548818,0.152749,4.367558,0.002377
SHIP1-c140,260,277,ERLTRDKYAYTKQKATGM,,,17.000000,2160.123000,c140,10.000000,2169.187738,0.223851,7.775174,0.226085,4.375215,0.004989
SHIP1-c140,260,277,ERLTRDKYAYTKQKATGM,,,17.000000,2160.123000,c140,30.000002,2168.867542,0.219837,7.454978,0.222111,4.353711,0.011715
SHIP1-c140,260,277,ERLTRDKYAYTKQKATGM,,,17.000000,2160.123000,c232,0.000000,2161.453370,0.022403,0.000000,0.000000,4.346466,0.002940
SHIP1-c140,260,277,ERLTRDKYAYTKQKATGM,,,17.000000,2160.123000,c232,1.000000,2168.829355,0.340957,7.375986,0.341692,4.369672,0.010522
SHIP1-c140,260,277,ERLTRDKYAYTKQKATGM,,,17.000000,2160.123000,c232,10.000000,2169.230535,0.339365,7.777166,0.340104,4.364011,0.003122
SHIP1-c140,260,277,ERLTRDKYAYTKQKATGM,,,17.000000,2160.123000,c232,30.000002,2169.257124,0.259016,7.803754,0.259983,4.375819,0.006547
SHIP1-c140,260,284,ERLTRDKYAYTKQKATGMKYNLPSW,,,23.000000,3048.572400,c140,0.000000,3050.434164,0.020373,0.000000,0.000000,5.966563,0.009659
SHIP1-c140,260,284,ERLTRDKYAYTKQKATGMKYNLPSW,,,23.000000,3048.572400,c140,1.000000,3059.358016,0.210126,8.923852,0.211111,5.994867,0.006613
SHIP1-c140,260,284,ERLTRDKYAYTKQKATGMKYNLPSW,,,23.000000,3048.572400,c140,10.000000,3059.951384,0.225602,9.517220,0.226520,5.999493,0.008767
SHIP1-c140,260,284,ERLTRDKYAYTKQKATGMKYNLPSW,,,23.000000,3048.572400,c140,30.000002,3059.694527,0.439610,9.260363,0.440082,5.983085,0.010869
SHIP1-c140,260,284,ERLTRDKYAYTKQKATGMKYNLPSW,,,23.000000,3048.572400,c232,0.000000,3050.446533,0.017967,0.000000,0.000000,5.955508,0.010659
SHIP1-c140,260,284,ERLTRDKYAYTKQKATGMKYNLPSW,,,23.000000,3048.572400,c232,1.000000,3059.249051,0.297555,8.802518,0.298097,5.978837,0.013759
SHIP1-c140,260,284,ERLTRDKYAYTKQKATGMKYNLPSW,,,23.000000,3048.572400,c232,10.000000,3059.597629,0.310470,9.151096,0.310989,5.978903,0.003420
SHIP1-c140,260,284,ERLTRDKYAYTKQKATGMKYNLPSW,,,23.000000,3048.572400,c232,30.000002,3059.675262,0.272244,9.228728,0.272836,5.967586,0.009425
SHIP1-c140,263,277,TRDKYAYTKQKATGM,,,14.000000,1761.895200,c140,0.000000,1762.916411,0.059848,0.000000,0.000000,4.176883,0.008986
SHIP1-c140,263,277,TRDKYAYTKQKATGM,,,14.000000,1761.895200,c140,1.000000,1769.173532,0.082506,6.257121,0.101927,4.183487,0.003581
SHIP1-c140,263,277,TRDKYAYTKQKATGM,,,14.000000,1761.895200,c140,10.000000,1769.309395,0.132072,6.392984,0.144999,4.196065,0.005221
SHIP1-c140,263,277,TRDKYAYTKQKATGM,,,14.000000,1761.895200,c140,30.000002,1769.101983,0.123472,6.185572,0.137212,4.172956,0.014538
SHIP1-c140,263,277,TRDKYAYTKQKATGM,,,14.000000,1761.895200,c232,0.000000,1762.959463,0.029876,0.000000,0.000000,4.112657,0.091292
SHIP1-c140,263,277,TRDKYAYTKQKATGM,,,14.000000,1761.895200,c232,1.000000,1768.987350,0.276344,6.027887,0.277954,4.191570,0.009230
SHIP1-c140,263,277,TRDKYAYTKQKATGM,,,14.000000,1761.895200,c232,10.000000,1769.343543,0.271513,6.384079,0.273152,4.184119,0.002418
SHIP1-c140,263,277,TRDKYAYTKQKATGM,,,14.000000,1761.895200,c232,30.000002,1769.575492,0.110574,6.616029,0.114538,4.192424,0.003169
SHIP1-c140,263,284,TRDKYAYTKQKATGMKYNLPSW,,,20.000000,2650.344600,c140,0.000000,2651.997349,0.018058,0.000000,0.000000,6.105501,0.019563
SHIP1-c140,263,284,TRDKYAYTKQKATGMKYNLPSW,,,20.000000,2650.344600,c140,1.000000,2659.740600,0.161293,7.743251,0.162301,6.109858,0.024880
SHIP1-c140,263,284,TRDKYAYTKQKATGMKYNLPSW,,,20.000000,2650.344600,c140,10.000000,2660.228996,0.237707,8.231647,0.238392,6.134521,0.007548
SHIP1-c140,263,284,TRDKYAYTKQKATGMKYNLPSW,,,20.000000,2650.344600,c140,30.000002,2660.009593,0.300357,8.012245,0.300899,6.113713,0.004643
SHIP1-c140,263,284,TRDKYAYTKQKATGMKYNLPSW,,,20.000000,2650.344600,c232,0.000000,2651.985960,0.018677,0.000000,0.000000,6.091361,0.008900
SHIP1-c140,263,284,TRDKYAYTKQKATGMKYNLPSW,,,20.000000,2650.344600,c232,1.000000,2659.506627,0.266579,7.520667,0.267232,6.120644,0.012674
SHIP1-c140,263,284,TRDKYAYTKQKATGMKYNLPSW,,,20.000000,2650.344600,c232,10.000000,2659.880504,0.334645,7.894544,0.335166,6.115289,0.001854
SHIP1-c140,263,284,TRDKYAYTKQKATGMKYNLPSW,,,20.000000,2650.344600,c232,30.000002,2659.752660,0.854176,7.766701,0.854380,6.119068,0.010849
SHIP1-c140,277,284,MKYNLPSW,,,6.000000,1038.507700,c140,0.000000,1039.156558,0.033665,0.000000,0.000000,7.394907,0.005723
SHIP1-c140,277,284,MKYNLPSW,,,6.000000,1038.507700,c140,1.000000,1041.376166,0.097686,2.219608,0.103324,7.420000,0.003850
SHIP1-c140,277,284,MKYNLPSW,,,6.000000,1038.507700,c140,10.000000,1041.777045,0.031521,2.620488,0.046119,7.435112,0.000887
SHIP1-c140,277,284,MKYNLPSW,,,6.000000,1038.507700,c140,30.000002,1041.850458,0.054156,2.693900,0.063767,7.420407,0.003958
SHIP1-c140,277,284,MKYNLPSW,,,6.000000,1038.507700,c232,0.000000,1039.208352,0.014295,0.000000,0.000000,7.391132,0.017581
SHIP1-c140,277,284,MKYNLPSW,,,6.000000,1038.507700,c232,1.000000,1041.235269,0.059785,2.026917,0.061470,7.422140,0.010540
SHIP1-c140,277,284,MKYNLPSW,,,6.000000,1038.507700,c232,10.000000,1041.298508,0.053711,2.090156,0.055581,7.419740,0.004574
SHIP1-c140,277,284,MKYNLPSW,,,6.000000,1038.507700,c232,30.000002,1041.369775,0.074802,2.161423,0.076156,7.420972,0.001972
SHIP1-c140,277,285,MKYNLPSWC,,,7.000000,1141.516900,c140,0.000000,1142.317423,0.101296,0.000000,0.000000,7.608228,0.008663
SHIP1-c140,277,285,MKYNLPSWC,,,7.000000,1141.516900,c140,1.000000,1144.639659,0.056585,2.322236,0.116029,7.633301,0.010836
SHIP1-c140,277,285,MKYNLPSWC,,,7.000000,1141.516900,c140,10.000000,1145.127964,0.162941,2.810541,0.191861,7.646620,0.001489
SHIP1-c140,277,285,MKYNLPSWC,,,7.000000,1141.516900,c140,30.000002,1145.121619,0.057999,2.804196,0.116726,7.630166,0.003320
SHIP1-c140,277,285,MKYNLPSWC,,,7.000000,1141.516900,c232,0.000000,1142.345505,0.015736,0.000000,0.000000,7.579961,0.037436
SHIP1-c140,277,285,MKYNLPSWC,,,7.000000,1141.516900,c232,1.000000,1144.377143,0.036715,2.031638,0.039945,7.621773,0.006609
SHIP1-c140,277,285,MKYNLPSWC,,,7.000000,1141.516900,c232,10.000000,1144.465446,0.016032,2.119940,0.022465,7.624267,0.005968
SHIP1-c140,277,285,MKYNLPSWC,,,7.000000,1141.516900,c232,30.000002,1144.536876,0.079957,2.191371,0.081491,7.636932,0.002957
SHIP1-c140,278,285,KYNLPSWC,,,6.000000,1010.476400,c140,0.000000,1011.127924,0.035208,0.000000,0.000000,7.409400,0.003668
SHIP1-c140,278,285,KYNLPSWC,,,6.000000,1010.476400,c140,1.000000,1012.705093,0.030361,1.577169,0.046491,7.435714,0.003991
SHIP1-c140,278,285,KYNLPSWC,,,6.000000,1010.476400,c140,10.000000,1013.129517,0.035806,2.001594,0.050217,7.450485,0.001609
SHIP1-c140,278,285,KYNLPSWC,,,6.000000,1010.476400,c140,30.000002,1013.203068,0.036024,2.075144,0.050372,7.433426,0.003715
SHIP1-c140,278,285,KYNLPSWC,,,6.000000,1010.476400,c232,0.000000,1011.136559,0.021370,0.000000,0.000000,7.406169,0.018583
SHIP1-c140,278,285,KYNLPSWC,,,6.000000,1010.476400,c232,1.000000,1012.436007,0.036634,1.299448,0.042411,7.435829,0.010055
SHIP1-c140,278,285,KYNLPSWC,,,6.000000,1010.476400,c232,10.000000,1012.536509,0.025557,1.399951,0.033314,7.433971,0.005342
SHIP1-c140,278,285,KYNLPSWC,,,6.000000,1010.476400,c232,30.000002,1012.624891,0.070123,1.488332,0.073307,7.439718,0.002413
SHIP1-c140,285,297,CDRVLWKSYPLVH,,,11.000000,1615.841300,c140,0.000000,1616.853499,0.045146,0.000000,0.000000,6.349997,0.004558
SHIP1-c140,285,297,CDRVLWKSYPLVH,,,11.000000,1615.841300,c140,1.000000,1619.027285,0.093111,2.173786,0.103479,6.374172,0.007505
SHIP1-c140,285,297,CDRVLWKSYPLVH,,,11.000000,1615.841300,c140,10.000000,1619.942128,0.118004,3.088629,0.126345,6.389114,0.009317
SHIP1-c140,285,297,CDRVLWKSYPLVH,,,11.000000,1615.841300,c140,30.000002,1620.125341,0.091059,3.271842,0.101637,6.369953,0.010064
SHIP1-c140,285,297,CDRVLWKSYPLVH,,,11.000000,1615.841300,c232,0.000000,1616.888014,0.018406,0.000000,0.000000,6.352413,0.007188
SHIP1-c140,285,297,CDRVLWKSYPLVH,,,11.000000,1615.841300,c232,1.000000,1618.316966,0.044479,1.428952,0.048137,6.376580,0.010891
SHIP1-c140,285,297,CDRVLWKSYPLVH,,,11.000000,1615.841300,c232,10.000000,1618.554266,0.092990,1.666251,0.094794,6.371797,0.004620
SHIP1-c140,285,297,CDRVLWKSYPLVH,,,11.000000,1615.841300,c232,30.000002,1618.587606,0.066075,1.699591,0.068591,6.385397,0.006742
SHIP1-c140,285,300,CDRVLWKSYPLVHVVC,,,14.000000,1916.987400,c140,0.000000,1918.254085,0.040694,0.000000,0.000000,7.094515,0.010721
SHIP1-c140,285,300,CDRVLWKSYPLVHVVC,,,14.000000,1916.987400,c140,1.000000,1921.089261,0.146063,2.835177,0.151626,7.117767,0.007937
SHIP1-c140,285,300,CDRVLWKSYPLVHVVC,,,14.000000,1916.987400,c140,10.000000,1922.225412,0.168499,3.971328,0.173343,7.134408,0.009675
SHIP1-c140,285,300,CDRVLWKSYPLVHVVC,,,14.000000,1916.987400,c140,30.000002,1922.486911,0.266717,4.232826,0.269803,7.119854,0.008298
SHIP1-c140,285,300,CDRVLWKSYPLVHVVC,,,14.000000,1916.987400,c232,0.000000,1918.268162,0.033864,0.000000,0.000000,7.103712,0.008463
SHIP1-c140,285,300,CDRVLWKSYPLVHVVC,,,14.000000,1916.987400,c232,1.000000,1920.276294,0.082240,2.008132,0.088939,7.123498,0.012187
SHIP1-c140,285,300,CDRVLWKSYPLVHVVC,,,14.000000,1916.987400,c232,10.000000,1920.853445,0.159232,2.585283,0.162794,7.123951,0.007056
SHIP1-c140,285,300,CDRVLWKSYPLVHVVC,,,14.000000,1916.987400,c232,30.000002,1920.938523,0.133530,2.670361,0.137757,7.140163,0.007517
SHIP1-c140,286,297,DRVLWKSYPLVH,,,10.000000,1512.832200,c140,0.000000,1513.733299,0.022764,0.000000,0.000000,6.365203,0.006736
SHIP1-c140,286,297,DRVLWKSYPLVH,,,10.000000,1512.832200,c140,1.000000,1515.865531,0.080553,2.132232,0.083708,6.383288,0.009729
SHIP1-c140,286,297,DRVLWKSYPLVH,,,10.000000,1512.832200,c140,10.000000,1516.727414,0.115060,2.994115,0.117290,6.394074,0.008139
SHIP1-c140,286,297,DRVLWKSYPLVH,,,10.000000,1512.832200,c140,30.000002,1516.954822,0.059956,3.221523,0.064132,6.377097,0.009308
SHIP1-c140,286,297,DRVLWKSYPLVH,,,10.000000,1512.832200,c232,0.000000,1513.742119,0.015572,0.000000,0.000000,6.360036,0.006436
SHIP1-c140,286,297,DRVLWKSYPLVH,,,10.000000,1512.832200,c232,1.000000,1515.089006,0.029277,1.346887,0.033160,6.383879,0.009536
SHIP1-c140,286,297,DRVLWKSYPLVH,,,10.000000,1512.832200,c232,10.000000,1515.356758,0.075264,1.614639,0.076858,6.379607,0.004628
SHIP1-c140,286,297,DRVLWKSYPLVH,,,10.000000,1512.832200,c232,30.000002,1515.446158,0.061778,1.704040,0.063710,6.391322,0.005872
SHIP1-c140,286,300,DRVLWKSYPLVHVVC,,,13.000000,1813.978200,c140,0.000000,1815.098760,0.089962,0.000000,0.000000,7.151155,0.012871
SHIP1-c140,286,300,DRVLWKSYPLVHVVC,,,13.000000,1813.978200,c140,1.000000,1817.846525,0.211470,2.747765,0.229810,7.162523,0.022741
SHIP1-c140,286,300,DRVLWKSYPLVHVVC,,,13.000000,1813.978200,c140,10.000000,1819.053895,0.258672,3.955135,0.273869,7.173294,0.005055
SHIP1-c140,286,300,DRVLWKSYPLVHVVC,,,13.000000,1813.978200,c140,30.000002,1819.204608,0.258378,4.105848,0.273591,7.164409,0.005995
SHIP1-c140,286,300,DRVLWKSYPLVHVVC,,,13.000000,1813.978200,c232,0.000000,1815.096502,0.044277,0.000000,0.000000,7.147614,0.007679
SHIP1-c140,286,300,DRVLWKSYPLVHVVC,,,13.000000,1813.978200,c232,1.000000,1817.099985,0.103408,2.003483,0.112488,7.167288,0.012645
SHIP1-c140,286,300,DRVLWKSYPLVHVVC,,,13.000000,1813.978200,c232,10.000000,1817.670537,0.208350,2.574035,0.213003,7.165373,0.006645
SHIP1-c140,286,300,DRVLWKSYPLVHVVC,,,13.000000,1813.978200,c232,30.000002,1817.752715,0.248608,2.656213,0.252520,7.181285,0.009364
SHIP1-c140,287,297,RVLWKSYPLVH,,,9.000000,1397.805200,c140,0.000000,1398.728638,0.088286,0.000000,0.000000,6.122331,0.013079
SHIP1-c140,287,297,RVLWKSYPLVH,,,9.000000,1397.805200,c140,1.000000,1400.775847,0.180060,2.047209,0.200540,6.140294,0.017426
SHIP1-c140,287,297,RVLWKSYPLVH,,,9.000000,1397.805200,c140,10.000000,1401.539629,0.093949,2.810992,0.128922,6.156007,0.003541
SHIP1-c140,287,297,RVLWKSYPLVH,,,9.000000,1397.805200,c140,30.000002,1401.738644,0.062326,3.010006,0.108069,6.134831,0.005882
SHIP1-c140,287,297,RVLWKSYPLVH,,,9.000000,1397.805200,c232,0.000000,1398.556346,0.015933,0.000000,0.000000,6.121792,0.007356
SHIP1-c140,287,297,RVLWKSYPLVH,,,9.000000,1397.805200,c232,1.000000,1399.964972,0.059774,1.408626,0.061861,6.152373,0.010907
SHIP1-c140,287,297,RVLWKSYPLVH,,,9.000000,1397.805200,c232,10.000000,1400.278565,0.211193,1.722219,0.211793,6.142174,0.002380
SHIP1-c140,287,297,RVLWKSYPLVH,,,9.000000,1397.805200,c232,30.000002,1400.427513,0.148634,1.871167,0.149485,6.131711,0.010051
SHIP1-c140,301,308,QSYGSTSD,,,7.000000,844.331900,c140,0.000000,844.753029,0.016149,0.000000,0.000000,4.123885,0.002560
SHIP1-c140,301,308,QSYGSTSD,,,7.000000,844.331900,c140,1.000000,846.155359,0.000429,1.402330,0.016155,4.143562,0.004295
SHIP1-c140,301,308,QSYGSTSD,,,7.000000,844.331900,c140,10.000000,846.307595,0.034433,1.554565,0.038032,4.150031,0.014440
SHIP1-c140,301,308,QSYGSTSD,,,7.000000,844.331900,c140,30.000002,846.589879,0.041414,1.836850,0.044451,4.123643,0.014937
SHIP1-c140,301,308,QSYGSTSD,,,7.000000,844.331900,c232,0.000000,844.735131,0.003297,0.000000,0.000000,4.091093,0.056446
SHIP1-c140,301,308,QSYGSTSD,,,7.000000,844.331900,c232,1.000000,846.030945,0.028266,1.295814,0.028458,4.131620,0.008851
SHIP1-c140,301,308,QSYGSTSD,,,7.000000,844.331900,c232,10.000000,846.226065,0.011627,1.490935,0.012085,4.142468,0.002481
SHIP1-c140,301,308,QSYGSTSD,,,7.000000,844.331900,c232,30.000002,846.319047,0.108034,1.583917,0.108084,4.083719,0.077236
SHIP1-c140,301,310,QSYGSTSDIM,,,9.000000,1088.456500,c140,0.000000,1089.117244,0.026123,0.000000,0.000000,6.298152,0.007003
SHIP1-c140,301,310,QSYGSTSDIM,,,9.000000,1088.456500,c140,1.000000,1091.613707,0.341393,2.496463,0.342391,6.322882,0.001968
SHIP1-c140,301,310,QSYGSTSDIM,,,9.000000,1088.456500,c140,10.000000,1091.730156,0.287142,2.612912,0.288328,6.335208,0.004462
SHIP1-c140,301,310,QSYGSTSDIM,,,9.000000,1088.456500,c140,30.000002,1091.848492,0.334349,2.731248,0.335368,6.317230,0.005763
SHIP1-c140,301,310,QSYGSTSDIM,,,9.000000,1088.456500,c232,0.000000,1089.107162,0.074620,0.000000,0.000000,6.299342,0.004232
SHIP1-c140,301,310,QSYGSTSDIM,,,9.000000,1088.456500,c232,1.000000,1091.567094,0.152154,2.459932,0.169467,6.319647,0.006708
SHIP1-c140,301,310,QSYGSTSDIM,,,9.000000,1088.456500,c232,10.000000,1091.715496,0.243809,2.608333,0.254972,6.317003,0.002427
SHIP1-c140,301,310,QSYGSTSDIM,,,9.000000,1088.456500,c232,30.000002,1091.810978,0.233750,2.703816,0.245372,6.310636,0.002626
SHIP1-c140,301,318,QSYGSTSDIMTSDHSPVF,,,16.000000,1958.843600,c140,0.000000,1959.923544,0.058578,0.000000,0.000000,6.953335,0.007272
SHIP1-c140,301,318,QSYGSTSDIMTSDHSPVF,,,16.000000,1958.843600,c140,1.000000,1963.159973,0.002167,3.236429,0.058618,6.983788,0.006782
SHIP1-c140,301,318,QSYGSTSDIMTSDHSPVF,,,16.000000,1958.843600,c140,10.000000,1963.393312,0.016099,3.469768,0.060750,6.993137,0.001828
SHIP1-c140,301,318,QSYGSTSDIMTSDHSPVF,,,16.000000,1958.843600,c140,30.000002,1963.708384,0.214560,3.784840,0.222413,6.983757,0.001857
SHIP1-c140,301,318,QSYGSTSDIMTSDHSPVF,,,16.000000,1958.843600,c232,0.000000,1960.037063,0.006150,0.000000,0.000000,6.965829,0.007177
SHIP1-c140,301,318,QSYGSTSDIMTSDHSPVF,,,16.000000,1958.843600,c232,1.000000,1963.044603,0.060136,3.007540,0.060450,6.985157,0.007944
SHIP1-c140,301,318,QSYGSTSDIMTSDHSPVF,,,16.000000,1958.843600,c232,10.000000,1963.226220,0.015866,3.189157,0.017016,6.982602,0.001764
SHIP1-c140,301,318,QSYGSTSDIMTSDHSPVF,,,16.000000,1958.843600,c232,30.000002,1963.339121,0.016288,3.302058,0.017411,7.002054,0.000247
SHIP1-c140,308,318,DIMTSDHSPVF,,,9.000000,1248.556500,c140,0.000000,1249.305398,0.019297,0.000000,0.000000,6.959403,0.001487
SHIP1-c140,308,318,DIMTSDHSPVF,,,9.000000,1248.556500,c140,1.000000,1250.437728,0.065184,1.132330,0.067980,6.985234,0.007262
SHIP1-c140,308,318,DIMTSDHSPVF,,,9.000000,1248.556500,c140,10.000000,1250.460607,0.062913,1.155210,0.065806,6.994015,0.001295
SHIP1-c140,308,318,DIMTSDHSPVF,,,9.000000,1248.556500,c140,30.000002,1250.590148,0.012253,1.284750,0.022858,6.983403,0.000712
SHIP1-c140,308,318,DIMTSDHSPVF,,,9.000000,1248.556500,c232,0.000000,1249.325052,0.022013,0.000000,0.000000,6.964714,0.006877
SHIP1-c140,308,318,DIMTSDHSPVF,,,9.000000,1248.556500,c232,1.000000,1250.291041,0.009738,0.965990,0.024071,6.986041,0.006031
SHIP1-c140,308,318,DIMTSDHSPVF,,,9.000000,1248.556500,c232,10.000000,1250.352415,0.000656,1.027364,0.022023,6.983286,0.002217
SHIP1-c140,308,318,DIMTSDHSPVF,,,9.000000,1248.556500,c232,30.000002,1250.416532,0.013990,1.091480,0.026083,6.994429,0.000150
SHIP1-c140,309,318,IMTSDHSPVF,,,8.000000,1133.529600,c140,0.000000,1134.287638,0.288208,0.000000,0.000000,6.388569,0.008939
SHIP1-c140,309,318,IMTSDHSPVF,,,8.000000,1133.529600,c140,1.000000,1134.765145,0.579984,0.477507,0.647646,6.403315,0.012895
SHIP1-c140,309,318,IMTSDHSPVF,,,8.000000,1133.529600,c140,10.000000,1134.870777,0.705690,0.583139,0.762274,6.415072,0.005221
SHIP1-c140,309,318,IMTSDHSPVF,,,8.000000,1133.529600,c140,30.000002,1135.004602,0.764914,0.716964,0.817409,6.398751,0.011088
SHIP1-c140,309,318,IMTSDHSPVF,,,8.000000,1133.529600,c232,0.000000,1134.225196,0.267138,0.000000,0.000000,6.377511,0.007673
SHIP1-c140,309,318,IMTSDHSPVF,,,8.000000,1133.529600,c232,1.000000,1134.578814,0.388046,0.353617,0.471108,6.403171,0.010278
SHIP1-c140,309,318,IMTSDHSPVF,,,8.000000,1133.529600,c232,10.000000,1134.685534,0.526413,0.460338,0.590316,6.399381,0.004665
SHIP1-c140,309,318,IMTSDHSPVF,,,8.000000,1133.529600,c232,30.000002,1134.706244,0.488088,0.481048,0.556410,6.406113,0.006743
SHIP1-c140,322,329,EAGVTSQF,,,7.000000,838.394100,c140,0.000000,838.838466,0.010184,0.000000,0.000000,6.135197,0.006986
SHIP1-c140,322,329,EAGVTSQF,,,7.000000,838.394100,c140,1.000000,841.336865,0.074837,2.498400,0.075527,6.152227,0.008387
SHIP1-c140,322,329,EAGVTSQF,,,7.000000,838.394100,c140,10.000000,841.807858,0.114246,2.969392,0.114699,6.164604,0.001703
SHIP1-c140,322,329,EAGVTSQF,,,7.000000,838.394100,c140,30.000002,842.095029,0.101299,3.256563,0.101810,6.146585,0.007597
SHIP1-c140,322,329,EAGVTSQF,,,7.000000,838.394100,c232,0.000000,838.806380,0.025339,0.000000,0.000000,6.134770,0.004356
SHIP1-c140,322,329,EAGVTSQF,,,7.000000,838.394100,c232,1.000000,841.068664,0.059545,2.262284,0.064712,6.155439,0.006626
SHIP1-c140,322,329,EAGVTSQF,,,7.000000,838.394100,c232,10.000000,841.399596,0.082368,2.593217,0.086177,6.151256,0.001633
SHIP1-c140,322,329,EAGVTSQF,,,7.000000,838.394100,c232,30.000002,841.500305,0.104955,2.693925,0.107971,6.147393,0.004513
